Nom d'entreprise	Code Client	NomClientSystème	Secteur d'activité	Fin d'année financière	Référé par	Personne ressource à l'entreprise	Comptable	Avocat	Notaire
z_Adiministratif_Lecture	1								
z_Administratif_Formation	2								
z_Administratif_Informatique	3								
z_Administratif_Travail sur les outils modeles	4								
z_Administratif_Autres non chargeables	5								
z_Travail dans dossiers de clients non créés encore [fournir détails]	6								
AL Carrière Extincteurs Ltée [Benoit Carrière]	100			31/07		Benoit Carrière	Yves Desjardins	Michael D'SOUZA	
DeChamplain Services Financiers Inc. [Sylvain De Champlain]	102			31/12		Sylvain De Champlain	Joyce Ripka	Robert WILLIAMSON	
Groupe Millénium Micro Inc. [Carl Paquin]	104			31/03		Carl Paquin	Alain Girard	Marie-Ève PORLIER	
Les Services Comptables Ghislain Falardeau Inc.	106					Ghislain Falardeau			
Université de Sherbrooke [Faculté d'administration, Secrétariat des maitrises]	107					Faculté d'administration, Secrétariat des maitrises			
Dan Chafai [Dan Chafaï]	109					Dan Chafaï			
Luc Archambeault CPA Inc. [Luc Archambault]	111					Luc Archambault			
Bonin McLaughlin [Robert McLaughlin]	113					Robert McLaughlin			
Perspective Groupe Financier 2006 Inc. [Alain Gadoury]	114			31/12		Alain Gadoury	René Jodoin	Annie Paillé	
Groupe Global Santé Inc. [Simon Gadbois]	115			31/03		Simon Gadbois	Dominique Racine		
Denis Adam [Marcoux Adam Picard]	116					Denis Adam			
Martin Boulard S.E.N.C.R.L. [Daniel Boulard]	117					Daniel Boulard			
Les entreprises Daunais Inc. [Martin Daunais]	122			30/06		Martin Daunais	Sylvain Ménard		
Sauvageau Hanley CPA Inc. [Catherine Hanley]	127					Catherine Hanley			
Gestions Travaux Réseaux Inc. [Jean-François Paré]	130			31/12		Jean-François Paré	Emond Simard		
SETYM International Inc. [Dominique Morot]	133			31/03		Dominique Morot	Aubut Coutu CA	Michael D'SOUZA	
Technorol Inc. [Pierre McGowan]	142			30/04		Pierre McGowan			
Lessard CPA Inc. [Isabelle Lessard]	143					Isabelle Lessard			
Les Constructions J.C.R. (1996) Inc. [Carlos Rodriguez]	145					Carlos Rodriguez		Jean G. Gravel	
Jean-Marc Gravel, CPA Inc.	147					Jean-Marc Gravel			
Lito Green Motion Inc. [Ebob Bobber Électrique inc.] [Jean-Pierre Legris]	148					Jean-Pierre Legris		Michael D'SOUZA	
Suzanne Dubée, Avocate	150					Suzanne Dubée			
9068-4465 Québec Inc. [Jean-Luc Abran]	152					Jean-Luc Abran			
Investissements Innomax Inc. [Yanick Maltais]	153					Yanick Maltais		Me Chandonnet	
Laurent Harvey, CPA Inc.	156					Laurent Harvey			
9133-0969 Québec Inc. [Cong Van Kieu]	159					Cong Van Kieu			
Ferme Cormier Inc. [Jean-Paul Cormier]	161					Jean-Paul Cormier			
Steve Cloutier [Anciennement Tessier & Cloutier arpenteurs]	162			31/12		Steve Cloutier		Michael D'SOUZA	
Martin & Savoie, CPA Inc. [René Martin]	164			31/10		René Martin			
McKinnon Groupe Conseil Inc. [Lise Carrier]	165					Lise Carrier			
Aux Bois fins Inc. [Daniel Sabourin]	166			30/09		Daniel Sabourin			
Gestion l'Élite S.G. Inc. [Serge Gouin]	168					Serge Gouin	Dominique Racine	Michael D'SOUZA	
Recrutement intégral Inc. [Stéphane Dignard]	169			28/02		Stéphane Dignard			
9157-9623 Québec Inc. [Café Morgane]	170					François Prud'homme			
Jacques Gauvreau et Annie Lacoste [anciennement Résidences Rivière Richelieu]	171			31/12	Robert Williamson	Jacques Gauvreau	FBL s.e.n.c.r.l.		
Mario Belval [Anciennement Alignements MF]	172					Mario Belval			
9278-0436 Québec Inc. [Pierre Mayer]	173					Pierre Mayer			
S.M.C. Installations Inc. [Chistiane Monast]	176					Chistiane Monast			
Ébénisterie Franc Bois 2016 Inc. [François Mayer]	179					François Mayer			
Penda Jacques Cartier [Gilles Millaire]	180			31/10		Gilles Millaire	Ghislain Falardeau		
Annie Tardif, avocate Inc.	181					Annie Tardif			
341 Auto Plus Inc. [Johanne Dumaine]	184			31/03	Kahiri Abdelkrir (Karim)	Johanne Dumaine	Jocelyne Mailhot		
9196-6739 Québec Inc. [Marc Fournier]	185					Marc Fournier			
Cadworks Informatique Inc. [4228561 Canada Inc.] [Laurent Decosterd]	187			31/12		Laurent Decosterd	Dominique Racine	Marie-Ève PORLIER	
Yannick Parent	189					Yannick Parent			
9037-6831 Québec Inc. [Daniel Adam]	190			30/06	Robert Williamson	Daniel Adam	Linda Vaillancourt	Michael D'SOUZA	
Gestion DP [Daniel Turenne]	192					Daniel Turenne			
9299-2593 Québec Inc. [anciennement Informat] [Luc Grenier]	193l	Logiciels Informat		31/12	Robert M. Vigneault	Luc Grenier	Francis Beaudin		
9299-2585 Québec Inc. [anciennement Informat] [Robert M. Vigneault]	193r			31/12	HdC	Robert M. Vigneault	Francis Beaudin		
Hoang Huy Nguyen	195					Hoang Huy Nguyen			
Robert Grégoire	196				Ghislain Falardeau	Robert Grégoire		Michael D'SOUZA	
Léa Consultants Informatiques Inc. [René Lemyre]	197			30/09	Michel Lafrance	René Lemyre		Michael D'Souza	
Maréchalerie Bromont Inc. [Cynthia Roy]	198			28/02	Michel Lafrance	Cynthia Roy			
Lavage de vitres future Inc. [Giacomo Colati]	199			31/08		Giacomo Colati	Robert Grégoire	Geneviève MATHIEU	
Carl Langlais	200					Carl Langlais			
Isabelle Bellavance [Isabelle Bellavance (Kébékat)]	201					Isabelle Bellavance (Kébékat)			
Martin Barette	202					Martin Barette			
Nathalie Poitras [Pierrette Poitras]	204				Nathalie Poitras - CMA 	Pierrette Poitras			
Nathalie Cyrenne [Nathalie Cyrenne, CGA]	209					Nathalie Cyrenne, CGA			
Hélène Moerman	210					Hélène Moerman			
André Vaillancourt	211					André Vaillancourt			
Jérémie Bilodeau	213				comptable: gestion PB	Jérémie Bilodeau			
Daniel Coffey [Daniel Coffey (Centurium Network Services Inc.)]	214					Daniel Coffey (Centurium Network Services Inc.)			
Succession Le Jossec [Gisèle Le Jossec]	215					Gisèle Le Jossec			
Carl Paquin	216					Carl Paquin		Novallier St-Bruno	
Minh Bao [Minh Bao Chau Bui]	218				Denis Brodeur	Minh Bao Chau Bui			
Chantal Gosselin	220					Chantal Gosselin			
Érik P. Masse et Dominique Sénécale [Érik P. Masse (Gestion Érik P. Masse Inc.)]	221				Conjoint de Dominique Sénécal	Érik P. Masse (Gestion Érik P. Masse Inc.)			
Stéphane Gélinas	226					Stéphane Gélinas			
Patrick Monaghan [Barry Monaghan (Patrick Monaghan's Estate)]	227					Barry Monaghan (Patrick Monaghan's Estate)			
Martin Pelletier	228					Martin Pelletier			
Michelle Roy	229				Sa fille est Anne-Marie Roy	Michelle Roy			
Mario Gagnon [Accomodations Mario Gagnon Inc.]	230					Mario Gagnon (Accomodations Mario Gagnon Inc.)			
Alain Éthier et succession [Succession Hélène Laporte]	231					Lucie et Aalain Éthier			
Michele Thibodeau	232				Amie de Pierre Laurin	Michele Thibodeau			
Claude Greenshield	233					Claude Greenshield			
Nicolas De Tilly [Nicolas Noël De Tilly]	234					Nicolas Noël De Tilly			
Vincent Sabourin [Centre de management et de leadership]	235					Centre de management et de leadership			
Stéphane Girard [9217-3640 Québec Inc.]	236					Stéphane Girard (9217-3640 Québec Inc.)			
Rolande Desrochers [Succession Rolande Desroches]	237					Succession Rolande Desroches			
Benoit Durand [9248-1589 Québec Inc.]	238				marc martel 	Benoit Durand			
Sandra Desrochers	239					Sandra Desrochers			
Nicolas Côté	240					Nicolas Côté			
Nathalie Chassé	241				Michel Lafrance	Nathalie Chassé	Messier & Ass.	Novallier St-Bruno	
Christian et Stephane Mireault	242					Christian et Stephane Mireault			
Yves Rathé [9105-4734 Québec Inc.]	243					Yves Rathé			
Suzanne Martin [Succession de Alice Martin]	244					Succession de Alice Martin			
Jean Couture	245					Jean Couture			
Benoit Gailloux	246					Benoit Gailloux			
Richard Boies [Lynda Leduc / Richard Boies / Bataram Inc.]	247					Lynda Leduc 			
Danny Bernier	248					Danny Bernier			
Roland et Marie-Thérèse Carbonnel	249					Roland et Marie-Thérèse Carbonnel			
Stéphanie Gauthier	250					Stéphanie Gauthier			
Jacques Pilon	251					Jacques Pilon			
Réjean Sirard	252					Réjean Sirard			
Daniel Raymond	253				Richard	Daniel Raymond			
Annick Taillon	254					Annick Taillon			
Louise Coallier	255					Louise Coallier			
Monique Tremblay	256				Cliente particulier qui m’a consulté pour planification avec maison, chalet et duplex	Monique Tremblay			
Pierre-Yves Gay 	257					Pierre-Yves Gay			
Stéphane Dagenais [Encore Plus]	258					Encore Plus			
Hugo D'Andrade	259					Hugo D'Andrade			
André Roy	260				HDC	André Roy			
Carole Lachance, Ostéothérapeuthe	261					Carole Lachance			
Serge Dupuis et Alexandre Catie [Alexandre Caty et Serge Dupuis]	262					Alexandre Caty et Serge Dupuis			
Marielle Rivest [Marielle Rivest consultante Inc.]	263					Marielle Rivest			
Louis-Simon Ménard	264					Louis-Simon Ménard			
Maryse côté	265					Maryse côté			
Lyne Sarrasin	266					Lyne Sarrasin			
Claude Dufour	267				Robert Grégoire / Sylvain Dechamplain	Claude Dufour			
Succession Voyer [Succession Marguerite Voyer]	268					A/S Raymond Voyer			
Josée Rivard	269				Mario	Josée Rivard			
Claudie Dubée	270					Claudie Dubée			
Robert Lafortune	271				dominique racine	Robert Lafortune			
Mariette Beaudoin [Roger & Mariette Beaudoin]	272				Michael D'SOUZA	Roger & Mariette Beaudoin			
Claude Boyer [Claude & Noella Boyer]	273					Claude & Noella Boyer			
Jasmin Mailloux [9214-8477 Québec Inc.]	274				Sylvain Leduc Notaire	Jasmin Mailloux (9214-8477 Québec Inc.)			
Pascal Gaudio	275					Pascal Gaudio			
Steve Robitaille	276					Steve Robitaille			
Marcel Parent	277					Marcel Parent			
Nicolas Carrière	278					Nicolas Carrière			
Ginette Marcoux [Roger Côté]	279					Roger Côté			
Sabino Dhepaganon	280					Sabino Dhepaganon			
Louise et Hélène Labrie [Maison d'hélène et Louise Inc.]	281				notaire Coutu	Hélène et Louise Labrie			
Guy Beaulieu	282				Karim et client de Yanick Favreau	Guy Beaulieu			
Diane Gauthier	283					Diane Gauthier			
Paul Moïse	284					Paul Moïse			
Albert Morin	285					Albert Morin			
Jean-Marc Venne	286				Client de Marie-Hélène Gravel	Jean-Marc Venne			
Pierre Laurin	287					Pierre Laurin			
Roger Robert	288					Roger Robert		Véronique Blain	
Succession de Thérèse Audet Larochelle	289					Succession de Thérèse Audet Larochelle			
Julie Brisebois	290					Julie Brisebois			
André Sauvé	291					André Sauvé			
Robert Choquette	292				Ghislain Falardeau	Robert Choquette			
Tali Kiriazidis	293					Tali Kiriazidis			
Steve Plante [Construction SAP Inc.]	294				Gravel & Associé	Steve Plante			
Connie Galarneau	295					Connie Galarneau			
Joelle Viens et Chantal Poirier	296					Joelle Viens et Chantal Poirier			
Maria Maxim [Maria Marine Maxim / Ion Maxim]	297					Maria Marine Maxim / Ion Maxim			
Jean Rochon	298				Louise Prévost	Jean Rochon			
Jean Archambault [Chalets de la pourvoirie du Chenal Saint-Pierre]	299					Jean Archambault 			
Marcel Bélanger [Marcel Bélanger / Éric Picard / Alexandre Vézina]	300			31/12	Michael D'Souza	Marcel Bélanger / Éric Picard / Alexandre Vézina	Pierre Gauthier CA		
Guillaume Soumis	301					Guillaume Soumis			
Marc Therrien	302					Marc Therrien			
Pierre Thibault	303					Pierre Thibault			
Marcel Allard	304					Marcel Allard			
Éric Gallant	305				Pierre Picard	Éric Gallant			
Martine Thibodeau	306					Martine Thibodeau			
Julie Prud'Homme	307					Julie Prud'Homme			
Anthony Comeau [Audrey Bacon-Chevalier]	308					Audrey Bacon-Chevalier			
Ahmed Said Bouchbouk	309				Michael D'Souza	Ahmed Said Bouchbouk			
Lucienne Soublière	310					Lucienne Soublière			
Sylvie Duguay et Yvan Préville	311				Marie-Claude Aubut	Sylvie Duguay et Yvan Préville			
Daniel Rousseau	312				Ghislain Falardeau	Daniel Rousseau			
Gilles Lavigne	313					Gilles Lavigne			
Réal et Monique Tardif [Réal Tardif et Monique Belisle]	314					Réal Tardif et Monique Belisle			
Daniel Brunet	315					Daniel Brunet			
Succession Jacques Chassé [Les Habitations Montfort Inc.]	317					Les Habitations Montfort Inc.			
Sylvain Lessard	318					Sylvain Lessard			
Jonathan St-Denis	319					Jonathan St-Denis			
Éric Beaulieu	320					Éric Beaulieu			
Nathalie Dion	321				Conjointe de Philippe avec qui je nage	Nathalie Dion			
Mario Champagne [Succession Claire Champagne]	322					Mario Champagne			
Diane Camiran / Yves Bissonette [Diane Camirand]	324					Diane Camirand			
Patrick Bastien	325					Patrick Bastien			
Yannick Rose	327				Pierre Paré (Gendre)	Yannick Rose			
Yves Veillette	328					Yves Veillette			
Richard Charland	329					Richard Charland			
Isabelle Lemay - Succesion Guy-René [Succession Guy-René Lemay]	330					Isabelle Lemay			
Sylvain Garceau	331					Sylvain Garceau			
Colette Gillet [Office des Grands Cru Inc.]	332			31/12	Michel Lafrance	Colette Gillet	Michel Lafrance	Novallier St-Bruno	
Hugo Lafortune	333					Hugo Lafortune			
Dominique Auger	334					Dominique Auger			
Patrick Ouellette [Médecin à domicile Inc.]	335					Patrick Ouellette			
Lise et Jean-Marc Laspeyres	337					Lise et Jean-Marc Laspeyres			
Lise Hébert	338					Lise Hébert			
Succession Paul-Aimé Hervieux [Succession Paul-Aimé Hervieux]	339				Marc Martel	Louise Hervieux			
Steve Paquin	341					Steve Paquin			
Succession Stéphane Gosselin [André Gosselin et Mylène Morin]	342					André Gosselin et Mylène Morin			
Jean-Pierre Zagula	343				Robert Grégoire	Jean-Pierre Zagula			
David Savard	345				Conjointe Stéphanie	David Savard			
Théogene Francoeur	346					Théogene Francoeur			
Pierre-Édouard Laurin [Pierre-Édouard Cassiani Laurin]	347				Fils de Pierre Laurin	Pierre-Édouard Cassiani Laurin			
Pierre Cossette [Vert Urbain]	348					Pierre Cossette			
David Cardigos [Gestion D. Cardigos M.D. Inc.]	349				Michael D’Souza	David Cardigos 			
Succession Raymond Plante [Francine Plante Couture]	350					Francine Plante Couture			
Daniel Charrette	351					Daniel Charrette			
Anouk St-Pierre	352				Laurent Harvey	Anouk St-Pierre			
Simon Hébert-Blanchard	353				André Roy des HDC	Simon Hébert-Blanchard			
Simone Roberge Piquet [Hélène Piquet]	354				Martine Lachance	Hélène Piquet			
Nicole Tremblay	355					Nicole Tremblay			
Jean-François Schetagne	356					Jean-François Schetagne			
Alain Éthier	357					Alain Éthier			
Marguerite Papineau Charrette	358					Marguerite Papineau Charrette			
Sandra Parent / Jacques Tougas	359					Sandra Parent			
Succession Guy Lefrançois [Marie Le François]	360					Marie Le François			
Martin Lavallée, Valeur mobilière desjardins	361					Martin Lavallée			
Bernard Desjardins	362					Bernard Desjardins			
Ronald Cheschire [Ron Cheschire]	363					Ron Cheschire			
Stéphane Amireault	364					Stéphane Amireault			
Nicola Hagemeister	365					Nicola Hagemeister			
Sylvain Petitpas [Nancy Scott / Sylvain Petitpas]	366				Luc Archambault	Nancy Scott / Sylvain Petitpas			
Nicole Bégin	367					Nicole Bégin			
Succession Beaudet [Gestion Yvon Beaudet Inc.]	368				Simon Langevin	Brigitte Beaudet			
Rita Ferrara	369					Rita Ferrara			
Pierrette Gilbert	370					Pierrette Gilbert			
Claude Bédard [4361016 Canada Inc.]	371				Claude Moreau	Claude Bédard			
Adam Vaillancourt	372					Adam Vaillancourt			
Pia Hane [Les Placements Remote Skies Inc.]	373					Pia Hane			
Madeleine Gaudreau	374					Madeleine Gaudreau			
François Contant	375					François Contant			
Christian C Bélanger	376					Christian C Bélanger			
Nicole Renaud	377				Yanick Favreau	Nicole Renaud			
Martin Poisson	378				Steve De Villers	Martin Poisson			
Fernande Moreau	379					Fernande Moreau			
Cédric Meloche	380					Cédric Meloche			
Succession Pierre Sénécal [Les Entreprises Lacenes Inc.]	381					Michelle Ladouceur			
Succession Louise Dupont [François Dupont]	382				Chantal Émond	François Dupont			
Succession Jeannine Caron [Lorraine Caron / Francis Caron]	383				Alexandre Boyer	Lorraine Caron / Francis Caron			
Vicky Tassé [Transport Ki Roule]	384					Guillaume Lacerte			
Bruno Pupato	385					Bruno Pupato			
Sophie Chabot	386				Élizabeth Deschesne	Sophie Chabot			
Luc Morel [LM Auto]	387				Laurent Harvey	Luc Morel			
Martin Leroux	388					Martin Leroux			
Chantal Poirier	389				Laurent Harvey	Chantal Poirier			
Daniel Mockle	390					Daniel Mockle			
Mathieu Baril & Jennifer Brien	391					Mathieu Baril			
Éric Leblanc	392					Éric Leblanc			
Yanik Sciamma [Constructions A.S.K. Inc.]	393					Yanik Sciamma			
Benoit Gagné [Investissement Julau Inc.]	394				Marie-Hélène Gravel	Benoit Gagné			
Jean Mongrain	395				Chantal Émond	Jean Mongrain			
Succession Alain Desrosiers [Succession Alain Desrosiers]	396				Marie-Hélène Gravel	Ginette Croisetière			
Yvan Roy	397					Yvan Roy			
Marjorie Marchand	398					Marjorie Marchand			
Marc-André Gauthier	399					Marc-André Gauthier			
Lyne Bélanger [Lynn Bélanger / Pierre Sauvé]	400				Laurent Harvey	Lynn Bélanger / Pierre Sauvé			
Patrick et Jean Lessard	401					Patrick et Jean Lessard			
Succession Roland Perreault [Sylvie Perrault / Succession Roland Perreault]	402					Sylvie Perrault			
Rachelle Didier	404				Rollande Brunelle	Rachelle Didier			
Candid Morin	405					Candid Morin			
Succession Bernard Bourgeault [Luc Bourgeault]	407					Luc Bourgeault			
Gestion GMCB Inc. [Louis Parker][Giovanni Cinquino]	408				Robert Arbour	Giovanni Cinquino	Robert Arbour		
Serge Lamothe	409					Serge Lamothe			
Succession Roger Pominville [Anne-Marie Pominville]	410					Anne-Marie Pominville	Jacques Renaud CPA		
Catherine Lavoie	411					Catherine Lavoie			
Placements Colombe P. Inc. [PO Verdon]	412					Colombe Perreault			
Carl Longpré [client de Jules Mayrand]	413								
Succession Aline Chatel Gagnon [Jean Chatel]	414					Jean Chatel			
Daniel Trempe	415					Daniel Trempe			
Maryse Cantin	416					Maryse Cantin			
Succession Claire Hamelin [Jacynthe et Fabiola Boulanger]	417					Jacynthe et Fabiola Boulanger			
Mario Cloutier	418				François Chaput	Mario Cloutier			
Paul Saint-Georges	419				CLD et mentorat	Paul Saint-Georges			
Éric St-Jean	420				Éric Beaulieu	Éric St-Jean			
Louis Freyd	421					Louis Freyd			
Marlèna Michalczyk	422				Luc Archambault	Marlèna Michalczyk			
Daniel Mailloux [Francis Mailloux]	423					Francis Mailloux			
Denise et Patricia Savoie [Patricia Savoie Arsenault]	425					Patricia Savoie Arsenault			
Éric Richard [Pourvoirire Richard]	426					Éric Richard			
François Dubeau et Johanne Freyd [Johanne Freyd / François Dubeau]	427					Johanne Freyd / François Dubeau			
Anne Élizabeth Lavoie	428					Anne Élizabeth Lavoie			
Succession Pierre Saindon [Luc Saindon]	429					Luc Saindon			
Nurlana Allakvherdi	431				Marie-Claude Lavoie	Nurlana Allakvherdi			
Succession Guy Duranceau [Alexandra / Charles Olivier Duranceau]	432					Alexandra / Charles Olivier Duranceau			
Josée Robillard	433				Banque Nationale	Josée Robillard			
Nancie Ouimette et Éric Boudreault	434					Éric Boudreault			
Chantal Custeau	435				Pierre Aubertin	Chantal Custeau			
Madeleine Charlebois	436				Michel Lafrance	Madeleine Charlebois			
Éric Barrette	437					Éric Barrette			
Nathalie Bourgeois	438					Nathalie Bourgeois			
Yvon Forest [Technologies Pixelware]	439					Sylvain Forest			
Julie Paquet	440				Marie-Hélène Gravel	Julie Paquet			
Guy Labbé [Karamazov & Frères Inc.]	441				Michael D’Souza	Guy Labbé			
Marcel Aubin [Pleine Expression Inc.]	442					Marcel Aubin 			
Émilie Charrette	443					Émilie Charrette			
Arianne Brosseau, Notaire	446								
Lucie Sigouin Cousineau	447				Élizabeth Deschesne	Lucie Sigouin			
Louise Lefebvre [Gestion Pro-Ti Inc.]	448				pages jaune	Robert Boudreault			
Succession Yvonne Avoine [Johanne Gingras]	449					Johanne Gingras			
Gaétan Laferrière	450								
Jean-François Côté	451					Jean-François Côté			
Pierre Berthiaume	452								
Jacques Cusson	453					Jacques Cusson			
Marc Boissé-Kippen	454				Robert Parent des HDC	Marc Boissé-Kippen			
André Dubois [Monique Bibaud]	455				Librairie LuLu	Monique Bibaud			
Richard Fraser [Linda et Roger Fraser]	456					Linda et Roger Fraser			
Jean-Sébastien De Césare	457					Jean-Sébastien De Césare			
Adam Lachapelle	459					Adam Lachapelle			
Nathalie Hébert	460					Nathalie Hébert			
Marie-Claude Lamy	461					Marie-Claude Lamy			
Olivier Cendré	462					Olivier Cendré			
Fiducie Livia et Anais Quintal 	463					Livia et Anais Quintal			
Mathieu Chaîné	464					Mathieu Chaîné			
Isabelle Meloche et Jonathan Levasseur	465					Isabelle Meloche et Jonathan Levasseur			
Succession Guy Veilleux	467					Succession Guy Veilleux			
Coralyn Ah-Moy	468					Coralyn Ah-Moy			
Christiane Poirier	469				André Roy	Christiane Poirier			
Nancy Guay [Espace Stratégies]	470					Nancy Guay			
Monique Dansereau [Gestion Claude Pelland Inc.]	471					Claude Pelland 			
Line Carrière	472					Line Carrière			
Éric De Fourni [Sylvie Gravel]	473					Éric De Fourni / Sylvie Gravel			
Alia Chams	474					Alia Chams			
Chantal Lebrun [Gérad Leclerc]	475				François Lebrun	Chantal Lebrun / Gérad Leclerc			
Mylène Auger	476			31/12		Mylène Auger			
Roger Monette [9330-4228 Québec Inc.]	477				Simon Langevin	Roger Monette			
Véronique Blain [Véronique Blain notaire]	478					Véronique Blain notaire			
François Lebrun	479					François Lebrun			
Carole Voyer	480					Carole Voyer			
Yori Brunet	481				Manon Coulombe	Yori Brunet			
Alain Désy	482					Alain Désy			
Bruno Généreux	483					Bruno Généreux			
Philippe Torres	484					Philippe Torres			
Alex Giguère [9383-4851 Québec Inc.]	485				Francis Beaudin	Chrystian Barrière			
François Garneau	486					François Garneau			
Catherine Florent	487				Marie-Claude Lavoie	Catherine Florent			
Edouard Demangles	488					Edouard Demangles			
Pascal Poitevin	489					Pascal Poitevin			
Geneviève Huot	491				Roland Dumouchel	Geneviève Huot			
Claude Savoie [Claude Savoie, avocat]	492					Claude Savoie, avocat			
Stéphane Cormier	493				trouvé sur internet	Stéphane Cormier			
Francine Gaucher [9274-8490 Québec Inc.]	494			30/11		Francine Gaucher	Caroline Larocque CPA		
Gilles Beauchamps	495				Denis Adam	Gilles Beauchamps			
Patsy Biron [Jean-François Cournoyer]	496					Jean-François Cournoyer			
Alain Roussel	497				Luc Archambault	Alain Roussel			
Audrey-Amélie Perron	498					Audrey-Amélie Perron			
Succession Angeline Moreau [Madly Laporte et Pierre Michaud]	499					Madly Laporte et Pierre Michaud			
Succession Michel Gingras [Mécatec D.M. Inc.]	500				Alex Boyer	Éric Gingras			
Succession Mario Gravel [Christiane Tessier]	501					Christiane Tessier			
Succession Jacques Raymond [Daniel Raymond]	503					Daniel Raymond			
Succession Aimé Brunelle [Groupe LEC Inc.]	504				Pages jaunes	Jean-François Brunelle		Jean-François Baril	
Stéphane Gauthier	505					Stéphane Gauthier			
Gestion Jonathan Jacques Inc.	506					Jonathan Jacques			
Pauline Riberdy	507					Pauline Riberdy			
Mylène Servant	508					Mylène Servant	Normand Gascon, CPA	Novallier St-Bruno	
Félix Gauthier-Telmosse	509				Fils de Canvent	Félix Gauthier-Telmosse			
Emmanuel Labat	510				Manon courtière hypothécaire et travaille avec François Lebrun	Emmanuel Labat			
Jean Robitaille	511				Maurice Chiasson	Jean Robitaille			
Monique Prud'Homme [Monique Prud'homme]	512					Monique Prud'homme		François Lebrun, notaire	
Patrice Caron	513				Mathilde (Francine Faille)	Patrice Caron			
Famille Roch [Isabelle Roch]	514			31/12		Isabelle Roch		Marie-Claude Lavoie	
Succession Paul-Émile Morin [Daniel Morin]	515					Daniel Morin			
Fiducie D'Alcantara [Sylvie d'Alcantara]	516					Sylvie d'Alcantara			
Succession Richard Shedleur [Sucession Richard Shedleur]	517					Sucession Richard Shedleur			
Fiducie Familiale Desilets [Sylvie Désilets]	518			31/12	Marie-Claude Lavoie	Sylvie Désilets			
Succession Éric Morais [Louise Morais]	519				Caroline Lemyre	Louise Morais			
Christian Roch	520					Christian Roch			
Monique Allard	521					Monique Allard			
Diane Robert [Diane Bertrand]	522					Diane Bertrand			
Claude Drapeau	523					Claude Drapeau			
Maryse L'Archevêque [Simon Sauvé]	524				François Lebrun	Simon Sauvé			
Succession Jean Beaupré [Philippe Beaupré]	525					Philippe Beaupré			
Didier Dubois	526					Didier Dubois			
Johanne Comeau	527				LRV Notaires	Johanne Comeau			
Mélissa Perreault [Mélissas Perreault]	528				Marie-Claude Lavoie	Mélissas Perreault			
Succession Marc-André Desnoyer [Arianne Collin]	530				François Doré	Arianne Collin-Gascon		Marc-André Desnoyers	
Isabelle Gingras	531					Isabelle Gingras			
Marco Cusson	532					Marco Cusson			
Marie-Josée Bergeron	533				Anthony Bergeron	Marie-Josée Bergeron			
Dominique Bérard [9351-5344 Québec Inc.]	534					Suzanne Bolduc			
Renaud Tournilhac	535					Renaud Tournilhac			
Patricia Harbec	536				Michel Lafrance	Patricia Harbec	Michel Lafrance	Novallier	
Succession Émile Fouarge [Michelle Fouarge]	537					Michelle Fouarge			
Sonia Fournier	538					Sonia Fournier			
Pierre Deshaies	539					Pierre Deshaies			
Succession Andrée Prud'Homme [Lyne Lefebvre]	540					Lyne Lefebvre			
Pierre Lavallée	541					Pierre Lavallée			
Succession Mélanie Houde [Jacquelin Houde]	542				Claude Lizotte	Jacquelin Houde	Marie-Hélène Gravel		
Nicole Desjardins [Dominique Grou]	543			31/12	Alexandre Boyer	Dominique Grou		Dominique Grou	
Patrick Bertrand	544				Richard Bernier	Patrick Bertrand	Richard Bernier		
Coaching de gestion Inc. [Martine Lemonde] [Avant Jean-Pierre Fortin]	1000				Michel Lafrance	Martine Lemonde			
Ken Armstrong	1001			31/10		Ken Armstrong	Comptabilité J.P. Purcell	Fred Daoust	
Martin Roy CPA Inc.	1003					Martin Roy			
6798641 Canada Inc. [Michel Lia]	1004					Michel Lia			
Érecteur International Inc. [Patrice Gosselin]	1005			31/12	Michel Lafrance	Patrice Gosselin	Messier & Ass.	Catherine L'Espérance	
Location d'auto Viau Inc. [Sylvain Garceau]	1007			30/04		Sylvain Garceau	Stéphane Gagné		
Placement Sojel Inc. [Johanne Soulard]	1008			30/09		Johanne Soulard			
Alexandre Lamarsalle [Ostéopathe]	1011					Alexandre Lamarsalle			
9280-2206 Québec Inc [Sébastien Kfoury]	1013a			31/12	Michael D'Souza	Sébastien Kfoury	MNP	Michael D'Souza	
9438-5549 Québec Inc. [Catherine Gosselin]	1013b			31/12	Michael D'Souza	Catherine Gosselin	MNP	Michael D'Souza	
Société Immobilière 88 Inc. [Paul-Hubert Tremblay]	1013c				Michael D'Souza	Paul-Hubert Tremblay	Jean-Claude Ellias	Michael D'Souza	
137888 Canada Inc. [Martine Lachance]	1013d				Robert Williamson	Martine Lachance	MPA	Robert Williamson/Danielle Beausoleil	
9280-2131 Québec Inc. [Holdco] [Sébastien Kfoury]	1013e			31/12	Michael D'Souza	Sébastien Kfoury	MNP	Michael D'Souza	
Gestion AAK Inc. [Sébastien Kfoury]	1013f			31/12	Michael D'Souza	Sébastien Kfoury	MNP	Michael D'Souza	
9199-5308 Québec Inc. [Benoit Alary]	1013g			31/12	Michael D'Souza	Benoit Alary	MNP	Michael D'Souza	
9280-2339 Québec Inc. [Immeuble St-Eustache] [Benoit Alary]	1013h			31/12	Michael D'Souza	Benoit Alary	MNP	Michael D'Souza	
Groupe Vétéri Médic Inc. [GVMI] [Sébastien Kfoury]	1013i			31/12	Michael D'Souza	Sébastien Kfoury	MNP	Michael D'Souza	
La Mutuelle D'Immeubles Inc. [Tack Immobilier] [Paul-Hubert Tremblay]	1013j				Michael D'Souza	Paul-Hubert Tremblay	Jean-Claude Ellias	Michael D'Souza	
9218-4720 Québec Inc. [Yves & René] [Martine Gosselin]	1013L			31/12	Michael D'Souza	Martine Gosselin		Michael D'Souza	
Les Investissements Madjax Inc. [Paul-Hubert Tremblay]	1013m				Michael D'Souza	Paul-Hubert Tremblay	Jean-Claude Ellias	Michael D'Souza	
9280-2271 Québec Inc. [Jérôme Auger]	1013n			31/12	Michael D'Souza	Jérôme Auger	MNP	Michael D'Souza	
Création Logicom Inc. [Éric Savard]	1016			31/10	Dominique Racine	Éric Savard	Dominique Racine	Geneviève MATHIEU	
159247 Canada Inc. [Richard Gratton]	1018			31/12	Anick Bouffard	Richard Gratton	St-Jean Branchaud	Michael D'SOUZA	
Groupe Synergiciel Inc. [Yvon Cadieux]	1019			31/07		Yvon Cadieux	Ghislain Falardeau		
Gestion JVJ Inc. [Gilles Laforest]	1022					Gilles Laforest			
9054-7555 Québec Inc. [Dissoute]	1023			31/05		Catherine Blanchette			
Liquidations Lemieux Inc. [Richard Lemieux]	1024			31/12		Richard Lemieux			
Gertie Gaudreault	1025				Michael D'Souza	Gertie Gaudreault		Michael D'Souza	
Cléroux Gaboury CA Inc. [Raymond Cléroux]	1027					Raymond Cléroux			
Martin Juteau	1029			31/12		Martin Juteau			
123476 Canada Inc. [Serge Couture]	1030			31/01		Serge Couture	GC Fiscalité Plus		
9178-0296 Québec Inc. [Sylvain Pelletier]	1032			31/03		Sylvain Pelletier			
Construction L. Grenier Inc. [Sylvain Grenier]	1034			30/09		Sylvain Grenier	Gilles Sperano		
Gaétan Doyon	1038					Gaétan Doyon		Michael D'SOUZA	
Club de patinage Artistique de Laval Inc. [Alain Martel]	1040					Alain Martel			
Thierry Samlal	1041				Michael D'SOUZA	Thierry Samlal		Michael D'SOUZA	
9164-0672 Québec Inc. [Alexandre Payeur]	1042			30/06		Alexandre Payeur	Dominique Racine		
9215-5449 Québec Inc [Pierre Séguin]	1044				HDC	Pierre Séguin		Michael D'SOUZA	
Services d'entretien global Inc. [Normand Dubé]	1046			31/03	Robert Grégoire	Normand Dubé	Chantal Moreau		
Monsieur Gazon [Patrick Léger]	1050			31/03	Martin Roy	Patrick Léger	Martin Roy	Martin Gagnon	
Arthur Malouin Ltée [Yvan Malouin]	1051			31/12	Michel Lafrance	Yvan Malouin	Messier & Ass.	Novallier	
Yanick Favreau CPA Inc.	1054			31/03		Yanick Favreau			
Bernard Ducharme Assurances Inc. [Yvan Malouin]	1055			31/12	Michel Lafrance	Yvan Malouin	MNP S.E.N.C.R.L.	Novallier - Michael D'Souza	
Nicole Brodeur	1055b			31/12	Michel Lafrance	Nicole Brodeur	MNP Saint-Hyacinthe		
Fiducies Familiale Michel Brodeur (2019)	1055-c			31/12	Michel Lafrance	Michel Brodeur			
Fiducie Familiale Anne-Marie Ducharme (2019)	1055d			31/12	Michel Lafrance	Anne-Marie Ducharme		Novallier - Michael D'Souza	
AFA Groupe Conseil Inc. [Anciennement André Filion] [Jean-François Denis]	1056				Simon Langevin	Jean-François Denis	Richard Provencher		
Groupe LM2 Inc. [Richard Lépine]	1057			31/12		Richard Lépine	Richard Provencher	Michael D'SOUZA	
9212-0344 Québec Inc. [Steeve Carrier]	1058			31/07		Steeve Carrier	Dominique Racine		
9310-0634 Québec Inc. [anciennement Café Excel] [Luc Bourdages]	1059			31/07		Luc Bourdages	Claude Chayer		
3567869 Canada Inc. [Gilles Légaré]	1060				Martin Roy	Gilles Légaré	Martin Roy		
Me Mao Chambers	1063			31/12		Mao Chambers	Crystal Lucier-Nutbrown		
Service et support industriel Inc. [François Sarrazin]	1066					François Sarrazin			
Les Associés François Bonneau et Louise Dessureault [Louise Dessureault et François Bonneau]	1068			31/12	Stéphane Vermette	Louise Dessureault et François Bonneau		Alain Picard	
Gestion Profabco Inc. [Simon Langevin]	1069					Simon Langevin		Michael D'SOUZA	
Les attaches Pelco Canada Inc. [Michel Pelletier]	1071			31/01	Yanick Favreau	Michel Pelletier	Yanick Favreau	Michael D'SOUZA	
Jérome Pelletier et Mathieu Boulais [Jérôme Pelletier]	1072				Michael D'SOUZA	Jérôme Pelletier			
L'inspecteur Canin Inc. [Valérie Morin]	1073				Pierre Picard	Valérie Morin	Pierre Picard	Marilène Coutu	
9246-6424 Québec Inc. [Groupe Boroy Notiplex] [Damien Langlois]	1076			31/07		Damien Langlois	Jean Leclerc		
Pierre Vercheval	1077			30/11		Pierre Vercheval			
Les développements du Millésime (2012) Inc. [Louis Brunelle]	1079					Catherine Brunelle	Luc Fafard	Chantal Émond	
2314-5618 Québec Inc. [Marcel Gagnon]	1082					Marcel Gagnon			
4470524 Canada Inc. [Jean Rainville]	1083			31/12	Pierre Mayer	Jean Rainville	Pierre Mayer	Louise PRÉVOST	
MPA Société de comptables Professionnels agréés Inc. [Alain Girard]	1085					Alain Girard			
Yvon Dalphond, Consultant Inc.	1086					Yvon Dalphond			
Charles Drolet et Alain Lacaille [Alain Lacaille / Charles Drolet]	1088				Raynald Meilleur	Alain Lacaille / Charles Drolet			
Coffrage Duc Ltée [Patrice Chabot]	1090			30/09	Sylvain Dufresne	Patrice Chabot	Sylvain Dufresne		
9093-4993 Québec Inc. [Mark Angelini]	1091			31/08	Sylvain Dufresne	Mark Angelini	Sylvain Dufresne	Michael D'SOUZA	
La Clinique d'optométrie Lachenaie Inc. [Isabelle Leclerc]	1092			31/10	Raynald Meilleur	Isabelle Leclerc	FBL s.e.n.c.r.l.	LRV Notaires	
Holding Holder Inc. [Maurice Holder]	1093				Chantal Boulay	Maurice Holder			
3102-0563 Québec Inc. [Yvon Laliberté]	1095					Yvon Laliberté		Odette CARIGNAN	
Construction R. Dumouchel Inc. [Roland Dumouchel]	1096			30/09		Roland Dumouchel	Marie-Lise Regnauld		
Super-Vitre Passe avant que ça casse Inc. [Denis Hugron]	1097			30/04		Denis Hugron	Steve Griggs	Alain Allard	
9148-8767 Québec Inc. [Richard Holder]	1098				Chantal Boulay	Richard Holder			
Gravel et Associés Inc. [Marie-Hélène Gravel]	1099					Marie-Hélène Gravel			
Club jeunesse Côte-des-neiges Inc. [Daniel Lacasse]	1102					Daniel Lacasse		Michael D'SOUZA	
3212572 Canada Inc. [Dismo]	1104					Alain Coutu			
Dr Frédéric Morin Optométriste Inc.	1106					Frédéric Morin		Chantal Emond	
Gestion Caroussel Inc. [Normand Hénault]	1107				Sandro Mussini	Normand Hénault			
Gestion Niklo Inc. [Stéphane Laframboise]	1109			31/08		Stéphane Laframboise			
Chauffage Robert Lacombe Inc. [Succession Robert Lacombe]	1110			31/07	Marc Martel	Succession Robert Lacombe	Michel Grégoire	Marie-Claude Lavoie	
Ferme Oli Inc. [Olivier Fafard]	1111			31/12	Pierre Picard	Olivier Fafard	Pierre Picard	Adélard Éthier	
Vignoble Kobloth et fils Inc. [Roxane Gauthier]	1112				Michel Lafrance	Roxane Gauthier	Michel Lafrance	Marie-Eve Porlier	
Summum Partenaires financiers Inc. [Angelino Petrucci]	1113				Acman Banville	Angelino Petrucci			
Les boitiers Labelle (2005) Inc. [Caroline Lemire]	1114			28/02		Caroline Lemire	Bourdon, Dufresne	Chantal Emond	
Groupe Atila [Pierre Guay / Yves Chabot]	1115			30/09		Pierre Guay / Yves Chabot	Sylvain Dufresne	Chantal Emond	
9227-0073 Québec Inc. [Éditions de Villers] [Claude Lizotte]	1116			28/02	Marie-Hélène Gravel	Claude Lizotte	Marie-Hélène Gravel	Chantal Emond	
Soudure Rive-Nord Lavoie & Fils Inc. [Claude Lavoie]	1117					Claude Lavoie			
Communication A.T.R. Inc. [Camil Paquet]	1121					Joanne Bourbeau	Nathalie Cyrenne		
Les entreprises Houle Excavation Inc. [Simon Houle]	1122				Marie-Hélène Gravel	Simon Houle	Marie-Hélène Gravel		
Lavoie et Lavoie Notaire Inc. [Martial Lavoie]	1123				Bourdon Dufresne & Meilleur	Martial Lavoie			
Alexandre Boyer CPA [Nathalie Bourgeois]	1124					Nathalie Bourgeois			
Conseils Elokia Inc. [Commandare Inc] [Jean Allan]	1125				Chantal Émond	Jean Allan			
Assurance Harvey Richard Inc. [Chantal Richard]	1126			30/11	Michel Lafrance	Chantal Richard	Michel Lafrance		
Caroline Gamache	1127								
Fiscacom Inc. [Patrick Lafleur]	1128					Patrick Lafleur			
686471 Canada Inc. [Yupi] [Sean Stewart]	1130				Georges Tremblay	Sean Stewart			
Les entreprises Archi-Pelles Inc. [Guillaume Archambault]	1131					Guillaume Archambault			
Dany Bolduc [Alpha Mosaïk]	1132				Stéphane Vermette	Dany Bolduc			
9187-7845 Québec Inc. [Biplan] [Yannick Marcoux]	1133					Yannick Marcoux			
Air Trans Express Inc. [Richard Lavoie]	1134			30/09		Richard Lavoie	Yanick Favreau CPA		
Service Planifié Techno-Choc Inc. [Georges Rousseau]	1135				Dominique Racine	Georges Rousseau			
Brodeur Beauchamps SENC [Martine Brodeur]	1137					Martine Brodeur			
9241-7344 Québec Inc. [Carl Paquin]	1138					Carl Paquin			
Alain Villeneuve	1139								
Informatique Amérix Inc. [Gilles Fournier]	1140				Chantal Émond	Gilles Fournier			
Gestion Psy-com Inc. [Gilles Vachon]	1141					Gilles Vachon			
Gestion L'Anneau Inc. [Lalonde & Brient] [Nathalie Brient]	1142			30/11	Alain Girard	Nathalie Brient	MPA	Florence Leduc	
Technobiz Consultants Inc. [Jacques Bourbonnais]	1143					Jacques Bourbonnais			
Rotisserie des chutes Inc. [Josée Benny]	1145					Josée Benny			
Paré assurances et Services Financiers Inc. [Pierre Paré]	1147			31/12	Michel Lafrance	Pierre Paré	Messier & Ass.	Novallier	
Maitres-Points Inc. [Jarod Alie]	1148				Raynald Meilleur	Jarod Alie			
9033-7015 Québec Inc. [Dulude Perreault Assurances inc] [Gaétan Dulude]	1149				Robert Grégoire	Gaétan Dulude			
Groupe Joman Inc. [Johanne Gemme]	1150				Michael D’Souza	Johanne Gemme			
I3 International Inc. [Setym] [Larbi Bennouna]	1151				Michael D’Souza	Larbi Bennouna			
Construction Fasma 2011 Inc. [André Blais]	1152			30/11		André Blais / Jonathan McMaster / Suzie Poirier	Scott Avon CA		
Hamelin Picard Beauvais. Avocats Inc. [Sophie Beauvais]	1154a					Sophie Beauvais			
9288- 1929 Québec Inc. [Roxane Hamelin Avocate inc]	1154b				Georges Tremblay	Roxanne Hamelin			
LogiBM+ Inc. [Stephan Chayer]	1155					Stephan Chayer			
Altima Solutions Ltd [Frank Yang]	1156					Frank Yang			
CCQ Assurances [Richard Coderre/Karen Luce Carrier/Éric Querry]	1158				Stéphane Vermette	Richard Coderre/Karen Luce Carrier/Éric Querry			
École de conduite P.A.C. Montréal Inc. [Chantal Degorgue]	1159			28/02	Robert Williamson	Chantal Degorgue			
AssurExpert Boisselle & Associés Inc. [Georges Boisselle]	1160					Georges Boisselle			
Les enseignes Gilbert Bourgouin Inc. [Jean-François Bourgouin]	1161				Denis Adam	Jean-François Bourgouin			
Les services d'entretien Gemme 1986 Inc. [René Piché]	1162				Ghislain Falardeau	René Piché			
D.R. Maçonnerie Inc. [Denis Richard]	1163				Georges Tremblay	Denis Richard			
ACRoyal Inc. [Augustin Bernard]	1164					Augustin Bernard			
Innofort Inc. [Sylvie Gosselin]	1165					Sylvie Gosselin			
Marie-Claude Auger M.D. Inc.	1167				Stéphane Vermette	Marie-Claude Auger			
Zéa informatique Inc. [Jean-Philippe Blais]	1168					Jean-Philippe Blais			
3101-1943 Québec Inc. [André Hamelin]	1169				Myriam Bourgoin	André Hamelin			
Réparation et Maintenance R.R.P.G. Inc. [Chantal Gravel / Roland Poirier]	1170					Chantal Gravel / Roland Poirier			
Gestion Immobilière Valérie et François Hamel Inc. [François Hamel]	1171				Michel Lafrance	François Hamel			
Cabinet Richard Provencher CPA [Richard Provencher]	1172					Richard Provencher			
Les Placements Jacpar Inc. [Emmanuel Parent]	1175				Josée Roy	Emmanuel Parent			
9138-3380 Québec Inc. [Ghyslain Trudel]	1176				Marie-Hélène Gravel	Ghyslain Trudel			
Pneus et mécanique Serge Lefebvre Inc. [Lise Proulx]	1177				Sylvain Leduc	Lise Proulx			
Paul Béland	1179				Pierre Tourangeau	Paul Béland			
Centre Nature du Lac Dori Inc. [Dissoute]	1180				Angelino	Gina Dubé			
Suspensions Longueuil Pneus et mécanique Inc. [Jocelyn Jutras]	1181			31/12	Tony Brasiola	Jocelyn Jutras	Bourassa Boyer		
Machinerie Québec.com Inc. [Luc Lessard]	1182					Luc Lessard			
Voyages Synergia Inc. [Richard Kelly]	1183				Yanick Favreau et Chantal Sanscartier	Richard Kelly			
Optométrie Montracton Inc. [Sylvain Mc Mahon]	1184				Jacques Gagnon	Sylvain Mc Mahon			
J.P. Soubry, Distribution Représentation Ltée [Jean-Pierre Soubry]	1185				Laurent Harvey	Jean-Pierre Soubry			
Les jardins G.M. Lemire Inc. [Marielle Lemire]	1186				Pierre Picard et Yves Beauchemin	Marielle Lemire			
Ti-Bonhomme Excavation Inc. [Roland Bergeron]	1187				Pierre Picard	Roland Bergeron			
Gestion Maurice Fluet Inc. [Maurice Fluet]	1188			31/12	Michel Lafrance	Maurice Fluet	Michel Lafrance		
8372276 Canada Inc. [France Pelletier]	1189				Michel Lafrance	France Pelletier			
Tavares et cie Inc. [Jean Tavares]	1190					Jean Tavares			
9308-0240 Québec Inc. [Gilbert Grimard]	1191				Simon Langevin	Gilbert Grimard			
6467369 Canada Inc. (Mindcore) [Jules Gilbert]	1192				Sylvain Dufresne	Jules Gilbert			
Solstice CNC Inc. [Alexandre Desmarais]	1193				Alain Girad	Alexandre Desmarais			
Clinique vétérinaire de Loraine Inc. [Si Toan Phan]	1194				Georges Tremblay	Si Toan Phan			
Les Entreprises N.G.A. Inc. [Dissoute]	1195				Georges Tremblay	Martin Joyal			
Les Immeubles Vito Randazzo Inc. [Dissoute]	1196					Rita Randazzo	Patrick Lafleur		
Marco Gaggino Avocat Inc.	1197				Georges Tremblay	Marco Gaggino			
Beccor Construction / Habitation Inc. [Bruno Masson]	1198					Bruno Masson			
9192-4084 Québec Inc. (Procétec) [André Gobeil]	1199				André Bilodeau	André Gobeil			
9363-0002 Québec Inc. [Coffrages Magma] [Yan Le Houillier]	1200				Sylvain Dufresne	Yan Le Houillier			
PE Moreau avocat Inc. [Dissoute]	1201					Pierre Moreau			
Courtage conseil Birar Inc. [André Bilodeau]	1202					André Bilodeau			
Les produits Sanitaires Royal Net Inc. [Riccardo Capocci]	1203				Jocelyn Brunelle	Riccardo Capocci			
Service médical privé M.T. Inc. [Jean-Sébastien Portugais]	1204				Michael	Jean-Sébastien Portugais			
Gestion GTM Inc. [Gerry Thibeault]	1206					Gerry Thibeault			
Alain Payette	1207								
Rénotech P.G.P. Inc. [Sylvain Provost]	1208			31/12		Sylvain Provost	Johanne Beaupré	Michael D'SOUZA	
Vape-Dépôt Distribution Inc. [Dina Girard]	1210				Georges Tremblay	Dina Girard			
9163-2653 Québec Inc. [Micah Dass]	1211				Raynald Meilleur	Micah Dass			
Julie Boivin, M.D. Inc. [Dr Julie Boivin]	1212				Georges Tremblay	Dr Julie Boivin			
9030-1425 Québec Inc. [Pierre Niceforo]	1213					Pierre Niceforo			
Groupe Latitude Inc. [Dissoute]	1214					Gaétan Breault			
Gestion Pierre Sabourin Inc.	1215					Pierre Sabourin			
Studio D (1992) Inc. [François Gadbois]	1216				Raynald	François Gadbois			
Protection Incendie fédéral Inc. [Dominic Tremblay]	1217				Georges Tremblay	Dominic Tremblay			
Instal-O-Gaz Inc. [Nancy Meredith]	1219				Bourdon Dufresne – Patrick Bourdon	Nancy Meredith			
9179-6847 Québec Inc. (Scrapbooking Céramique) [Geneviève Séguin]	1220					Geneviève Séguin			
9112-2432 Québec Inc. (Piscine Instech) [Gilles Lachance]	1222				Marie-Hélène Gravel	Gilles Lachance			
Bablito Industries Inc. [Manon Lamarche / Stéphane Guitard]	1223					Manon Lamarche / Stéphane Guitard			
Atome Inspection Inc. [Gregory Savciuc]	1224			31/08	Georges Tremblay	Gregory Savciuc	Gagnon Tremblay CPA		
Stor-All Mini-Entrepôt Inc. [Luc Beauchemin]	1225					Luc Beauchemin			
9273-3369 Québec Inc. [Climatisation Repentigny] [Guy Gignac]	1230					Guy Gignac			
Services fiscaux Legault, Optiprint Inc. [André Legault]	1231					André Legault			
Mélanie Bonhomme	1232					Mélanie Bonhomme			
Développement d'affaires Gaétan Bolduc Inc. [Gaétan Bolduc]	1234					Gaétan Bolduc			
Yves Chaput Assurances Inc. [Yves Chaput]	1238				Michel Lafrance	Isabelle Chaput			
9326-3820 Québec Inc. [Taverne du Sud] [Pierre Meloche]	1239				Alain Girard et Guy Daigneault	Pierre Meloche			
Fleury Forme Inc. [Sylvie Ouellet]	1240			31/01		Sylvie Ouellet	Amélie Forest	Julie D'Amore	
9165-6538 Québec Inc. [Phon Chau Tan]	1241				Pierre Picard	Phon Chau Tan			
Gestion D. Lapointe Inc. [Isolant VIP Inc.] [Denis Lapointe]	1242				Sylvain Dufresne	Denis Lapointe			
Équipe Univers Selle Inc. [Orphélie Michel]	1243					Orphélie Michel	Alain Ouellette		
9229-8850 Québec Inc. [Liquidation 125] [Alain Martel]	1244					Alain Martel			
Gestion Carlos Cordoba Inc. [Carlos Cordoba]	1245					Carlos Cordoba		Michael D'SOUZA	
Coffrage Henri Simard Inc. [Manon L'Archevesque]	1246					Manon L'Archevesque			
Les entreprises Christine Chapeau Inc. [Christine Chapeau]	1248				David Dolan	Christine Chapeau			
Dafco Électrique Inc. [Daniel Bouchard]	1250					Daniel Bouchard		Renée-Claude Joinville	
Groupe Solution Expert GSE Inc. [Lisane Meilleur]	1251					Lisane Meilleur			
9141-5315 Québec Inc. [Abdul Hakim Hussainzada]	1252				Raynald Meilleur	Abdul Hakim Hussainzada			
On-Board data Systems [Susan Brossard]	1254				Louise Lévesque	Susan Brossard			
Piscines A-9 Inc. [Éric Roy]	1255					Éric Roy	Jules Mayrand	Véronique Lessard	
Groupe NCN Cardinal Inc. [Nicolas Cardinal]	1256				Sylvain Dufresne	Nicolas Cardinal			
Marc-André Francoeur Courtier Immobilier Inc. [Marc-André Francoeur]	1258				Georges Tremblay	Marc-André Francoeur			
Association des policiers et policières Provinciaux du Québec [Alain Rousseau / Luc Fournier]	1259					Alain Rousseau / Luc Fournier			
Alain Pilon CPA Inc. [Alain Pilon]	1261					Alain Pilon			
9087-9131 Québec Inc. [Messina]	1262				Béatrice Latuile	Franco Lagiorgia			
Centre dentaire Patrick Canonne Inc. [Patrick Canonne]	1263				Michel Grégoire	Patrick Canonne			
Bleuetière Point du Jour [Nathalie Bruneau]	1264					Nathalie Bruneau			
Logiciels de Gestion E-Staff Inc. [Marco Michaud]	1265					Marco Michaud			
Éco-Terres Claudel Inc. [Louise Papin]	1266				Serge Couture	Louise Papin			
Gestion Marianth Inc. [Marco Michaud]	1268					Marco Michaud			
Corposolution Télécom Inc. [HDirect Télécom Inc.]	1269					Maxime Lemieux	Julie Morin	Mariève Gagnon	
Gil Goyette, Architecture Conseil Inc. [Gil Goyette]	1270				Robert Grégoire	Gil Goyette			
Les érablières Lalanne Inc. [Daniel Lalanne]	1271					Daniel Lalanne			
D.S.M. Construction Inc. [Lynda Poitras]	1272				Georges Tremblay	Lynda Poitras			
Beaudoin Dinh, CPA [Dominique Dinh]	1274					Dominique Dinh			
FFARIQ [Françcois Garon]	1275				Marco Gaggino	François Garon			
Bourdon & Guay, CPA Inc. [Patrick Bourdon]	1276					Patrick Bourdon			
Halte garderie la citronelle enr [Johanne Ramaglia]	1277				Luc Archambeault	Johanne Ramaglia			
Gestion & Développement Bergeron Gagné Inc. [Dissoute]	1278				Sylvain Dufresne	Michelle Bergeron			
A.D. Portes et Fenêtres Inc. [Claude Tourigny / Jacques Léveillé]	1279				Bernard Labelle	Claude Tourigny / Jacques Léveillé			
Service Conseils P.C.D.A. Inc. [Philippe Chapuis]	1281					Philippe Chapuis			
Aux Saveurs de Sevelin Inc. [Nicolas Sevelin]	1282			30/09	Alain Girard	Nicolas Sevelin	MPA CPA		
Atelier d’ébénisterie SMJ [9213-3164 Québec Inc.]	1283					Sébastien Jutras	Jules Mayrand	Chantal Emond	
Ameublement Concept Confort Corp. [Aziz Ben Moussa / Fouad Ousalh]	1284				Jules Mayrand	Aziz Ben Moussa / Fouad Ousalh	Jules Mayrand		
Isolation F Larente Inc. [François Larente]	1286					François Larente			
Succession Antonio Tascillo [Marianne Tascillo]	1287					Marianne Tascillo	Alain Lachapelle		
Goulet & Jetté CPA Inc. [anciennement Messier & Ass] [Stéphanie Goulet]	1288					Stéphanie Goulet			
Les entreprises P. Marion Inc. [Yanic Belval]	1289					Yanic Belval			
9039-1996 Québec Inc. [Luc Massé]	1290				Luc Archambault	Luc Massé			
Accès Habitation [9469-9675 Québec Inc.]	1291				Alex Boyer	Catherine Tremblay			
Assurancia Inc. [François Hamel]	1292				Michel Lafrance	François Hamel			
Roger Villemur	1293					Roger Villemur			
RESSAQ [Lucie Vachon]	1294					Lucie Vachon		Jonathan Lalancette	
François Bellefeuille	1295				Michel Lafrance				
9206-0797 Québec Inc. [Réjean Noël]	1296				Sylvain Dufresne	Réjean Noël	Sylvain Dufresne		
Luc Aubin	1297								
Peter Quinn Courtier Hypothécaire Inc. [Peter Quinn]	1298					Peter Quinn			
9269-0932 Québec Inc. [Pedro Antunes]	1299					Pedro Antunes			
Clément Limoges	1300					Clément Limoges			
Brasserie André Lamy Inc. [Sylvain Jacques]	1302					Sylvain Jacques			
Gestion EFL / Habitation Lamothe Inc. [Yannick et Francis Lamothe]	1303					Yannick et Francis Lamothe			
Performance Chasse-Pêche Inc. [François Massicotte]	1304				Michel Grégoire	François Massicotte			
9230-4302 Québec Inc. [Francis Gaudreau]	1305			30/09	Alain Lachapelle	Francis Gaudreau	France Ringuette, CPA		
Hopital vétérinaire Saint-Lambert Inc. [Jean Tremblay / Janique Arseneau]	1306					Jean Tremblay / Janique Arseneau			
Imprimerie Lanaudière (2000) Ltée [Georges Turcot]	1308					Georges Turcot			
Caisse Populaire de Saint-Roch-de-l'Achigan [Jean-François Bisson]	1309					Jean-François Bisson			
Lefaivre, Labrèche, Gagné, SENCRL [Éric Bachand]	1310					Éric Bachand			
Solmatech Inc. [Éric Landreville]	1311				Marie-Claude Lavoie	Éric Landreville			
Boulanger & Paquin, CPA Inc. [Marco Boulanger]	1313				Solmatech et Marie-Claude Lavoie	Marco Boulanger			
Manon Coulombe, CPA Inc.	1314				Marie-Claude Lavoie	Manon Coulombe			
Manon Lafortune Inc.	1315					Manon Lafortune			
Estrivet Inc. [Christian Larouche]	1316					Christian Larouche			
9215-1034 Québec Inc. [Gestion Mario Giard Inc.]	1317					Mario Giard			
Marie-Ève Théorêt Optomométriste Inc.	1318				BDM	Marie-Ève Théorêt			
Pierre Cusson [anciennement Gaztek Inc.]	1320				Pierre Picard	Pierre Cusson			
2328-3476 Québec Inc. [Louis Moïse]	1321					Louis Moïse	Michel Lavigne		
Centre de rénovations L.B. Inc. [Nicolas Boucher]	1325					Nicolas Boucher			
Construction Alexandre Paré Inc.	1326				Nancy, une comptable	Alexandre Paré			
Services conseils JPCPA Inc. [Jean-Pierre Chenail]	1327					Jean-Pierre Chenail			
Création Juar Inc. [Véronique Bernier]	1328					Véronique Bernier			
Financière Finstar Inc. [Simon Drouin]	1329				Michèle Bergeron	Simon Drouin			
Mapppex Inc. [Sylvain Michaud]	1330				Hans de la Caisse	Sylvain Michaud			
9275-1072 Québec Inc. [Sylvie Cousineau]	1331					Sylvie Cousineau			
Vincent Roy	1332					Vincent Roy			
Advic Sécurité Inc. [Chantal Bélanger]	1333				Marie-Hélène Gravel	Chantal Bélanger			
Camping du Lac Sandysun Inc. [Nathalie Talbot]	1335				Benoit Alary	Nathalie Talbot			
Deschênes & Deschênes Inc. [Élizabeth Deschênes]	1337				Marie-Claude Lavoie	Élizabeth Deschênes			
Planification financière Donald Ross Inc. [Donald Ross]	1338			30/09	Michel Lafrance	Donald Ross	Michel Lafrance		
9051-1916 Québec Inc. [Natural World Distribution]	1339				Marie-Claude Lavoie Notaire	Nathalie Gélinas			
Les entreprises de Rodage D.G.M. Inc. [Donald Gaudreault]	1340				Pierre Picard	Donald Gaudreault			
9161210 Canada Inc. [Yvon Labelle]	1341				Marie-Claude Lavoie	Yvon Labelle			
Revêtements Pierre Chagnon Inc. [Manon Martel]	1342				Laurent Harvey	Manon Martel			
9355-2479 Québec Inc. [François et Sylvain Boucher]	1343				Manon Coulombe	François et Sylvain Boucher			
Golf Dev Inc. [Rolland Fontaine]	1344			31/12		Rolland Fontaine	Jean-Paul Coulombe		
Camping Sol Air Inc. [Ghyslain Foucault]	1345				Marie-Claude Lavoie	Ghyslain Foucault			
Yvan Boivin [9296-3875 Québec Inc.]	1346				François Lebrun	Yvan Boivin			
9220-6986 Québec Inc. [Taxi Van Medic]	1347				Claude Lalonde	Ayman Al Sayed			
Maurice Chiasson, CPA	1348				Marie-Claude Lavoie	Maurice Chiasson			
Patrick Wittmer [anciennement Honda Ste-Rose]	1349				Robert Arbour	Patrick Wittmer			
Acier Altitube Inc. [Philippe Robillard]	1350			31/07		Kariane Paradis			
9058-2982 Québec Inc. [Mario Buonanno]	1351				Élizabeth Deschênes	Mario Buonanno			
Michel Jarry Multimédia Inc. [Michel Jarry]	1352					Michel Jarry			
Centre de finition impression d'Or Inc. [Dieco Finition inc]	1353				André Legault	Raymond Girard			
Placements Imamedjian Inc. [Shant Imamedjian]	1354				Gilles Séguin	Shant Imamedjian			
9101-5677 Québec Inc. [Serge Bouchard Assurances Inc.]	1355					Serge Bouchard			
Groupe L.A. Hébert Inc. [Francis Gélinas]	1356					Francis Gélinas			
Groupe 4M Inc. [Pierre Auger]	1357				Maurice Chiasson	Pierre Auger			
Société Immobilière Martel Inc. [2543-1263 Québec inc]	1358					Stéphane Martel			
Gestion Marc Lalonde Inc. [Marc Lalonde]	1359				Érik Masse	Marc Lalonde			
Les Pétroles Expert Inc. [Claude Lafortune]	1360				Marie-Hélène Gravel	Claude Lafortune			
108060 Canada Inc. [Nick Pizzeria]	1361				François Lebrun	Peter Balafoutis			
Productions Evelyn Dubois Inc. [Evelyne Dubois]	1362				Lise Anne Dupont qui vient de Chantal Émond	Evelyne Dubois			
Géant du livre Inc. [Sylvain Rocque]	1363				Pierre Picard	Sylvain Rocque			
Apprentissage Andrago Inc. [Dissoute]	1364					Marc Lalande	Maurice Chiasson		
Technidek Inc. [François Charest / Michel Desrosiers]	1365					François Charest / Michel Desrosiers		Marie-Claude Lavoie	
9208-2783 Québec Inc. [Garderie Éducative]	1366				François Lebrun et Laurent Harvey	Mariane Antar			
9313-8238 Québec Inc. [Café Pacquebot]	1367				François Lebrun	Samuel Perrault			
9351-5344 Québec Inc. [Suzanne Bolduc]	1368				Mélanie Bonhomme	Suzanne Bolduc			
9155-8973 Québec Inc. [RM Solutions]	1370				Alexandre Boyer	Richard Aubry			
Juriglobal Inc. [Chantal Émond]	1380					Chantal Émond			
Jeanne D'Arc Noreau [Les immeubles Barasso]	1381					Jeanne D'Arc Noreau			
Union des employés et employées de service - Section Locale 800 [Raymond Larcher]	1382				Marco Gaggino	Raymond Larcher			
8245231 Canada Inc. [Mélanie Kfoury]	1384				Georges Tremblay	Mélanie Kfoury			
Solution Mécanique Raposo Inc. [Tony Raposo / Sonia Iacovone]	1385					Tony Raposo / Sonia Iacovone	Isabelle Moreault		
Les Estrades du Québec Inc. [Sylvain Dubé]	1387				Éric Lavoie Notaire	Sylvain Dubé			
9307-2411 Québec Inc. [Capitaine Vap]	1388				Laurent Harvey	Dany Borduas			
Les rénovations Innoverre Inc. [Luc Forget]	1390				Maurice Chiasson	Luc Forget			
Grafik Rapide Inc. [9039-7043 Québec Inc] 	1391				Nathalie Bourgeois	David Babin / Ginette Contant			
Sylvie Guillemette [anciennement 9254-8148 Québec Inc] 	1393					Sylvie Guillemette	Claude Carrier	Stéphanie Fafard	
Gestion Serge Garneau Inc. [Yannick Garneau]	1395				Marie-Hélène Gravel	Yannick Garneau			
Ascenseur EGM Inc. [Eugène Mercier]	1396					Eugène Mercier			
9350-1807 Québec Inc. [Martin Racicot]	1397				Frédéric dans Accès habitation	Martin Racicot			
9329-5558 Québec Inc. [Robert St-Jacques]	1398					Robert St-Jacques			
Ascenseur Élévapro Inc. [François Morel]	1399				Marie-Claude Lavoie	François Morel			
2744-6160 Québec Inc. [Daniel Martel]	1400				Suzanne Martel	Daniel Martel	M. Desjardins	Jocelyn Perreault	
Suzanne Beaudoin [Solar & Beaudoin Assurances Inc.]	1401				Lyse-Anne Dubée	Suzanne Beaudoin			
Transport Duryval Inc. [Yves Durand]	1402					Yves Durand			
André Fontaine [Spécialiste Diagnostic Auto Inc.]	1403					André Fontaine			
Coffrage Garneau Inc. [Yannick Garneau]	1404				Marie-Hélène Gravel	Yannick Garneau			
Sylvie Caron [anciennement Relais La feuille d'érable]	1406				Laurent Harvey	Sylvie Caron			
Claude Mallette / Louiselle Mallette [Savons Prolav Inc.]	1407				Jacques Morin CPA	Claude Mallette / Louiselle Mallette			
9033-6991 Québec Inc. [Épandage Dion]	1408				Marie-Hélène Gravel	Walter Dion	Marie-Hélène Gravel		
Services de Grues Sauvé Inc. [Roch Sauvé]	1409				Alain Lachapelle	Roch Sauvé			
Courses Québec Inc. [Steve Fortin / Raymond St-Louis]	1410				Marie-Hélène Gravel	Steve Fortin / Raymond St-Louis			
Fortin Dansereau Inc. [Sylvie Fortin]	1411					Sylvie Fortin			
Physiothérapie Des Cèdres Inc.  [9254-4816 Québec Inc]	1414				Marie-Claude Lavoie	Stéphane Delisle			
Steve Ouellet / Josée Rivet [La fondation Romeo Ouellet]	1415				Marie-Hélène Gravel				
9002-3383 Québec Inc. [Docteur du pare-brise ]	1416				Alain Lachapelle - Tapro	Chantal Pélisson			
9399-0547 Québec Inc. [Rose des vents]	1417				Maurice Chiasson	Lorraine et Claude Bégin			
Gestion Framar Inc. [Reprodoc]	1418				Simon Langevin	Marc Thériault			
Provencher & Associés Inc. [Martin Provencher]	1419					Martin Provencher			
Planification Maluka Inc. [Gilles Soulières]	1420					Gilles Soulières			
Clinique d'optométrie l'Assomption Inc. [Frédéric Morin]	1421					Frédéric Morin			
Sécurité Incendie S.M.J. Inc. [Serge Martel]	1422				Sylvain Leduc Notaire	Serge Martel			
9217-0083 Québec Inc. [Dissoute]	1423				Sylvain Leduc	Daniel Guilbaudeau			
Gestenv Inc. [Yves Patenaude]	1424				Jacques Renaud	Yves Patenaude			
SPI Services Conseils Inc. [Sébastien Parayre]	1425				Taxpro	Sébastien Parayre			
Kiva Design et Communication (2005) Inc. [Annie Daniel]	1427				Marie-Claude Lavoie	Annie Daniel			
Matelas Martin Inc. [Literie Laurier Inc.]	1428					Denis Benoit			
9309-3664 Québec Inc. [François Brouillette]	1429				Alain Lachapelle - Taxpro	François Brouillette			
Librairie Lu-Lu Inc. [Émilie Arcand-Dubois]	1430			30/09	Maurice Chiasson	Émilie Arcand-Dubois	Maurice Chiasson	Marie-Claude Lavoie	
Fiducie Familiale Camirand-Villeneuve 2019 [Céline Camirand]	1430b			31/12	Maurice Chiasson	Céline Camirand	Maurice Chiasson	Marie-Claude Lavoie	
Groupe Médical Gaumond Inc. [Claude Gaumond]	1431				Chantal Émond	Claude Gaumond			
Stéphane Machabée [anciennement Maitre Glacier Repentigny]	1432				Chantal Émond	Stéphane Machabée			
9260-0774 Québec Inc. [Concept-pro Paysagement Inc]	1433				Chantal Émond	Guillaume Larrivée / Christopher Collard			
Comptabilité Express [Nancy Benoit]	1435					Nancy Benoit			
Synergie Ti Inc. [Julie Morin]	1436					Julie Morin		Chantal Emond	
Entreprise C.P.I. Inc. [Charles Gibouleau]	1437				Marie-Hélène Gravel	Charles Gibouleau			
Association professionnelle des Notaires du Québec [Élizabeth Deschamps]	1439					Élizabeth Deschamps			
Les Immeubles Pascal et Sacha Inc. [9032-2553 Québec Inc.]	1440				Alain Lachapelle	Gilbert Tanguay			
Usinage de Précision J M R Inc. [David Brabant]	1441				Maurice Chiasson	David Brabant			
Les réalisations Conceptum International Inc. [Lyse Denommé / Annie Langelier]	1442				Jérémie Bilodeau	Lyse Denommé / Annie Langelier			
Metaservices Inc. [Clovis Brullemans]	1443					Clovis Brullemans			
9486-8809 Québec Inc. [Groupe JCE] [André Tawill]	1444					André Tawill	Jean-Claude Elias	Nicholas Boies	
Maxime Dupuis Électrique Inc.	1445				Luc Tardif	Maxime Dupuis			
Francis Beaudin CPA Inc. [Francis Beaudin]	1446					Francis Beaudin			
Salles de bain Immersion Inc. [Richard Lelièvre / Lise Langevin]	1447				Michael D’Souza	Richard Lelièvre / Lise Langevin			
9055-4627 Québec Inc. [Guillaume Bruneau-Côté]	1448				Nathalie Bourgeois	Guillaume Bruneau-Côté			
Les Constructions Penn Inc. [Antonio Pennino]	1450					Antonio Pennino	Gaétan Lanctot	Sandra Chiossone	
SMI Qc Inc. [Manon Giroux]	1451				Steve Fortin	Manon Giroux			
Perr-Électrique Inc. [Daniel Perrée]	1452				Marie-Claude Lavoie	Daniel Perrée			
Services Comptables Pierre Aubertin	1454					Pierre Aubertin			
8802742 Canada Inc. [Concept Convoyeur Debien Inc.]	1455					Mathieu Debien			
Restaurant Chez Fabien Inc. [Sylvie St-Pierre]	1456				Maurice Chiasson	Sylvie St-Pierre			
Méfatech Inc. [Sylvain Bergeron]	1457				Robert Williamson	Sylvain Bergeron			
Les portes industrielles Indotech Inc. [Don Mctavish]	1458					Don Mctavish	Alain Girard		
9245-4842 Québec Inc. [Markus Hommes Inc.]	1459				Yanick Favreau	Marc-André Charette			
Concassage Pelletier Inc. [Linda Tétreault]	1460				Gilles Séguin	Linda Tétreault			
9278-1954 Québec Inc. [Éric Ouellet - M. Gazon]	1461				Martin Roy CPA	Éric Ouellet			
Investissements Balconville Inc. [Sophie Bergeron]	1463				Chantal Émond et son avocat	Sophie Bergeron			
Claude Carrier CPA Inc.	1464					Claude Carrier			
DR Valérie Trudel Inc. [Valérie Trudel]	1465				Pierre Picard	Valérie Trudel	Pierre Picard	Andréanne St-Amand	
Maurice Duquette	1467				Alain Girard				
9351-7654 Québec Inc. [Vitrerie Supreme]	1468				Laurent Harvey	Joseph Thifault			
Yannic Dumais Inc.	1469					Yannic Dumais			
9103-5147 Québec Inc. [Voyage ALM]	1470				Cienov	Nathalie Ethesonne			
9213-5441 Québec Inc. [Centre PQL]	1471				Andréanne Anciennement de chez Jurigobal	Camille Texidor			
9141-5489 Québec Inc. [Équipe Jacques Morin] 	1472					Jacques Morin			
Services Érick Latendresse Inc. [Érick Latendresse]	1474				Maurice Chiasson	Érick Latendresse			
Sablage Lanaudière Inc. [Jean-Yves Cyr]	1475				Marie-Hélène Gravel	Jean-Yves Cyr			
Dusablon-Loranger Services Financiers Inc. [Maud Dusablon]	1476				Chantal Émond	Maud Dusablon			
Éequinox Stratégies Inc. [Alexandre Brière]	1477				Michael D’Souza	Alexandre Brière			
Iso Énergie Inc. [Jonathan Forget]	1478					Jonathan Forget			
Groupe Conseil S.C.O. Inc. [Ghislaine Labelle]	1479				Bernard Labelle	Ghislaine Labelle			
Agence de Voyages Robillard Inc. [Claude Robillard]	1481					Claude Robillard			
H&L Média Inc. [Marc Ouimet]	1482				François Doré	Marc Ouimet			
PN Leboeuf Inc. [anciennement Entreprises Multi PM]	1483				Marie-Claude Lavoie	Pierre Leboeuf			
Finex Briques & Enduits Inc. [Cynthia Fournier]	1484				Daniel O'Reilly	Cynthia Fournier			
Les Industries Hertech Inc. [Claude Hérard]	1485				Léo-Paul Senécal	Claude Hérard			
Maranda Lauzon Inc. [Sandy Maranda]	1487				Gilles Séguin	Sandy Maranda			
9252-2465 Québec Inc. [Bijouterie Paré]	1488					Nadia Bernier			
Vignôme Inc. [Gaétan Beaupré]	1490				Maurice Chiasson	Gaétan Beaupré			
Mobilier de bureau Mobilium Inc. [Robert Guindon]	1491					Robert Guindon			
Catherine Luu D.M.D. Inc.	1492				Jacques Renaud	Catherine Luu			
Labelle Mini-Excavation Inc. [Serge Labelle]	1493				Marie-Hélène Gravel	Serge Labelle			
9286-7621 Québec Inc. [Hugo Noury]	1495				Marie-Hélène Gravel	Hugo Noury			
9147-5269 Québec Inc. [Stéphane Borgeaud]	1496				Madly Laporte	Stéphane Borgeaud			
Les Habitations Chouinard Inc. [Sylvia Chouinard]	1497					Sylvia Chouinard			
Les Produits Non Ferreux Gauthier Société à Responsabilité illimitée [Robert Gauthier]	1499				Provencher & Associés	Robert Gauthier			
Salon de Quilles Rawdon Inc. [Michel Doran]	1500				Caisse	Michel Doran			
11117688 Canada Inc. [Sina Construction]	1502				Guillaume Rioux	Mohamed EL-Koury			
Assurancia Mongeau Poirier Inc. [Isabelle Mongeau]	1503				Michel Lafrance	Isabelle Mongeau			
K-Tech Consultants Inc. [Ultragen] [Khac Trong Truong]	1505				Léo-Paul Senécal	Khac Trong Truong			
Bureau Vétérinaire Griffintown Inc. [Marie-Hélène Tétreault]	1506				Benoit Alary	Marie-Hélène Tétreault			
Services Juridiques Amélie Thériault Inc. [Amélie Thériault]	1507					Amélie Thériault			
Tailleurs Modernes (La moderna) Inc. [Ara Imamedjian]	1508				Gilles Séguin	Ara Imamedjian			
9072-6316 Québec Inc. [Ébénisterie R&R Péloquin]	1509				François Doré	Robert Péloquin			
Patricia Nicole M.D. Inc. [Patricia Nicole]	1510				Lyse Denommé	Patricia Nicole			
Paysagement Naturex Inc. [Rémi Martin]	1511				Marie-Claude Lavoie	Rémi Martin			
Nettoyage JMC Inc. [Julie Martineau]	1512					Julie Martineau			
9230-8410 Québec Inc. [Normand Lajoie]	1513				Richard Lajoie	Normand Lajoie			
R.I. Résidence de Bellechasse Inc. [Sylvie Rocheleau]	1514				François-Étienne	Sylvie Rocheleau			
Vision AMJ Inc. [Louis-Philippe St-Jacques]	1515				Martin Provencher	Louis-Philippe St-Jacques			
Les Industries Canplex Ltée [Marco Stocchero]	1516					Marco Stocchero			
9189-0558 Québec Inc. [Martin Fullum]	1517				François Doré	Martin Fullum			
Les Placements Gilles Frappier Inc. [Gilles Frappier]	1518					Gilles Frappier			
CJO Construction Inc. [Christian Ouellette]	1519				Jacques Morin	Christian Ouellette			
9216-6867 Québec Inc. [Groupe GB]	1520				Daniel O’Reilley	Éric L'Archevêque			
Les expertises Fortech Ltée [Claude J. Fortin]	1521					Claude J. Fortin			
PS Laporte Inc. [Pierre Laporte]	1522				Lyse Denommée	Pierre Laporte			
Bernier Rhéaume Renaud CPA [Richard Bernier]	1523					Richard Bernier			
Matteau Électrique Inc. [Jason Doucet-Matteau]	1524				Marie-Hélène Gravel	Jason Doucet-Matteau			
Crescendo Pharma Inc. [Christiane Mayer]	1525					Christiane Mayer			
Yola RX Consultants Inc. [Yola Moride]	1526					Yola Moride			
Solutions Huwiz Inc. [Carolljo Maher]	1528				Marie-Claude Lavoie	Carolljo Maher			
Les Séchoirs à bois St-Roch Inc. [Betty Hébert]	1529				Maurice Chiasson	Betty Hébert			
Buro Design International A. Q. Inc. [Alain Quintal]	1530				Marie-Claude Lavoie	Alain Quintal			
Ville de Mercier [Marie-Ève Houle]	1531					Marie-Ève Houle			
Lostocch Holdings Inc. [Lorenzo Stocchero]	1533			31/12	Marco Stocchero	Lorenzo Stocchero	Yves Sansregret	Droit Fiscal	
Site web www.twotinytoads.com Inc. [Darryl Grant]	1534					Darryl Grant			
Grégory Navasse [anciennement Kia Ste-Agathe]	1535				Guillaume Bruneau	Grégory Navasse			
SST Construction (2016) Inc. [Denis Ménard]	1536					Denis Ménard			
9140-3550 Québec Inc. [Garderie les petites coccinnelles]	1537					Kathleen Ouellette			
Turbide Paquette, CPA, SENC [Gilles Turbide]	1538				Lyse Denommée	Gilles Turbide			
Willie Forge Inc. [Willie Forge]	1539				Laurent Harvey	Willie Forge			
Quatre Cent Quatre Inc. [Mathieu Gagnon]	1540				Michael D’Souza	Mathieu Gagnon			
Groupe Teltech Inc. [François Tessier]	1541					François Tessier			
Jacques Renaud CPA Inc. [Jacques Renaud]	1542					Jacques Renaud			
Les entreprises Paul E Marcotte Inc. [Jean Marcotte]	1543					Jean Marcotte			
9257-9069 Québec Inc. [François Breault]	1544				Laurent Harvey	François Breault			
Planification M.D. Inc. [Michel F. Desroches]	1545				Maurice Chiasson	Michel F. Desrochers			
Publipage Inc. [Mélissa Côté]	1546					Mélissa Côté			
Kina Communication Inc. [Annick Duchesne]	1547					Annick Duchesne			
9229-6086 Québec Inc. [Jean-Pierre Blais]	1549				Sylvain Camirand	Jean-Pierre Blais			
2733-7245 Québec Inc. [Construction SGI Inc.]	1550				Robert Arbour	Stéphane Gariépy			
Luxi Soin Inc. [Nathalie Richard]	1551				Julie Branchaud – Air Trans	Nathalie Richard			
9431-4002 Québec Inc. [Marco Adornetto]	1552				Marie-Claude Lavoie	Marco Adornetto			
Roberto Mayer	1553				Normand Faubert	Roberto Mayer			
Destination Hockey Inc. [Daniel Beaulieu]	1554				Francis Beaudin	Daniel Beaulieu			
Boutique Le Pentagone Inc. [Éric Chatila]	1555				Mario Stocchero	Éric Chatila			
Remorque Terrebonne 2021 Inc. [Pierre Beauregard]	1556				Alexandre Boyer	Pierre Beauregard			
Transport Gaby Trépanier Inc. [Mélanie Jussaume]	1557				Marie-Claude Lavoie	Mélanie Jussaume			
Laboratoire Orthométrix Inc. [Luc Benoit]	1558				Marie-Claude Lavoie et client de Hanley Boulerice	Luc Benoit			
Francis Lemieux	1559				Élizabeth Deschênes				
Les Services Conseils Normand Faubert Inc. [Normand Faubert]	1560					Normand Faubert			
9382-1890 Québec Inc. [Diane Doutre]	1561				Marie-Claude Lavoie	Diane Doutre			
Aux P'Tites Gâteries Inc. [Sylvie Beauchamp]	1562				Yves Beauchamps	Sylvie Beauchamp			
9341-9893 Québec Inc. [Jonathan Bédard / Sonia Léveillé]	1563					Jonathan Bédard / Sonia Léveillé			
Fiducie Testamentaire Georges-Gariépy [Distribution FG]	1564					François Gariépy			
Prima Ressource Inc. [Frédéric Lucas]	1565				Jean Allan	Frédéric Lucas			
9310-7761 Québec Inc. [Pretech]	1566				Maurice Chiasson	Alexandra Morana			
Groupe Dezetech Inc. [Alexandra Morana]	1566b				Maurice Chiasson	Alexandra Morana			
Substructur Expert-Conseil Inc. [Alexandre Leblanc]	1566d				Maurice Chiasson	Alexandre Leblanc			
9366-8952 Québec Inc. [Les Constructions Onsteel]	1566e				Maurice Chiasson	Alexandra Morana			
9409-3374 Québec Inc. [Nivo]	1566f				Maurice Chiasson	Alexandra Morana			
Consultation Devcorp Inc. [Alexandra Morana]	1566g				Maurice Chiasson	Alexandra Morana	Maurice Chiasson		
Ferme Trem-Blé Enr [Charle-Olivier Tremblay]	1567					Charle-Olivier Tremblay			
2956-5645 Québec Inc. [Roulements et produits industriels]	1568				CTEQ	Yvon Boucher			
Campeau Vinet Gauthier Comptables Professionnels Agréés Inc. [Luc Vinet]	1569				Luc Vinet	Luc Vinet			
Les Entreprises François Doré Inc. [François Doré]	1570					François Doré			
Aménagement Extérieur Québec Synthek Inc. [Vincent Guérin]	1571				Marie-Claude Lavoie	Vincent Guérin			
Restaurant l'Étoile de Mascouche Inc. [Georges Spiropulos]	1572				Marie-Claude Lavoie	Georges Spiropulos			
Vitres d'autos Piedmont/St-Sauveur Inc. [Groupe Magnan]	1573				Marie-Claude Lavoie	Patrice Magnan			
2329-9308 Québec Inc. [Suzie Desrosiers]	1574				Alexandre Allard	Suzie Desrosiers			
Groupe ERP Produits Professionnelles Ltée [Pratika Santé]	1575				Michael	Stéphane Myre			
2687801 Canada Inc. [SRS Informatique]	1576				Marie-Hélène Gravel	Céline Ferron / Louis Couture			
Canvent Ltée [Gaétan Gauthier]	1577					Gaétan Gauthier			
Piscine Spa Archambault Inc. [Jean-Sébastien Archambault]	1578				Julie D’Amore	Jean-Sébastien Archambault			
LFG Distribution Inc. [Jonathan Bark]	1579					Jonathan Bark			
Ébénisterie M.A.M. Inc. [Marc Thiboutot]	1580				Laurent Harvey	Marc Thiboutot			
9143-5883 Québec Inc. [Isolations Hogue]	1581					Annabelle Beauvais / André Hogue			
Conceptra Murs Architecturaux Inc. [Conceptra Mobilier de bureau]	1582				CTEQ	Robert Allard / Roxane Côté			
Groupe ITES Canada Inc. [Richard Fortin]	1583				Martin Provencher	Richard Fortin			
Division Nouvel Age Inc. [Nicolas Plouffe]	1584				Luc Vinet	Nicolas Plouffe			
Nadeau Foresterie Urbaine Inc. [Luc Nadeau]	1585				Luc Vinet	Luc Nadeau			
Nord Action Excavation Inc. [Éric Aubin / Stéphane Prégent]	1586				Luc Vinet	Éric Aubin / Stéphane Prégent			
Salaison Limoges Extra Inc. [Martin Limoges / Mélanie Berthiaume]	1587				Maurice Chiasson	Martin Limoges / Mélanie Berthiaume			
6669166 Canada Inc. [Vente de machineries industrielles IMS]	1588				Jean-Claude Ellias	George Dumayne / Claudia Maria Tangorra			
Lithomédia (1990) Inc. [Jean-Pierre Charbonneau]	1589				Alain Lachapelle	Jean-Pierre Charbonneau			
Transport South Bec Express Inc. [Jean-Hugues Pelletier]	1590				Gilles Séguin	Jean-Hugues Pelletier			
Dépanneur Lafortune et Filles Inc. [Éric Lafortune]	1591				Marie-Hélène Gravel	Éric Lafortune			
P. Morin Courtier en assurances Inc. [John Morin]	1592				Michel Lafrance	John Morin			
VGA Communication Inc. [Gaston Auclair]	1593				Marie-Claude Lavoie	Gaston Auclair			
Multicoupes de Bois D.M. Inc. [Martin Lefebvre]	1594				Maurice Chiasson	Martin Lefebvre			
9064-4857 Québec Inc. [Construction PRP]	1595				Jacques Morin	Stéphane Brisebois			
9450-3562 Québec Inc. [Mélanie Jalbert]	1596				Alex Boyer	Mélanie Jalbert			
10345482 Canada Inc. [NVS Studio] [David Beaudoin]	1597				CTEQ	David Beaudoin			
Sphère DI Inc. [Guillaume Barrière Shooner]	1598					Guillaume Barrière Shooner			
9151-3457 Québec Inc. [Suzanne Cadieux / René Beaupré]	1599				Alain Lachapelle	Suzanne Cadieux / René Beaupré			
Velec Inc. [Michel Leblanc]	1600				Gilles Séguin	Michel Leblanc			
Gestion Logisphère Immobilier Inc. [Jonathan Dufresne / Dominique Couture]	1601				Alexandre Boyer	Jonathan Dufresne / Dominique Couture			
Clinique Vétérinaire Lavaltrie Inc. [Nathalie Belle-Isle]	1602				Marie-Hélène Gravel	Nathalie Belle-Isle			
Michel Puskas [anciennement 2584875 Canada Inc.]	1603					Michel Puskas			
9318-7193 Québec Inc. [Patrick Doyon]	1604					Patrick Doyon			
1508-5822 Québec Inc. [Maxime Laforest]	1605				Marie-Claude Lavoie	Maxime Laforest			
Groupe Multi Distribution Inc. [Christopher Gagné]	1606					Christopher Gagné			
Jacques Leblanc, CPA	1607				a trouvé sur internet	Jacques Leblanc			
Gestion Clin D'Oeil Inc. [Josée Carrier]	1608				Marie-Claude Lavoie	Josée Carrier			
Centre de Golfs Lanaudière Inc. [Pierre Charron]	1609				Martin Provencher	Pierre Charron			
9099-3452 Québec Inc. [André Boulet]	1610				Dominique Bourgeois de LRV Notaires	André Boulet			
Racine Petits Fruits 2014 Inc. [Annie Perrier / Daniel Racine]	1611				Alex Boyer	Annie Perrier / Daniel Racine			
Carole Poissant Inc. [Carole Poissant]	1612				Marie-Hélène Gravel	Carole Poissant			
L'Atelier Märk Lumber Inc. [Marc Bourgeois]	1613				Chantal Émond	Marc Bourgeois			
Jean-Robert Lalonde Optométriste Inc. [Jean-Robert Lalonde]	1614				Maurice Chiasson	Jean-Robert Lalonde			
9455-3302 Québec Inc. [Serge Michaud Électricien]	1615				Alex Boyer	Serge Michaud			
Société de gestion Diane Coutu Inc. [Diane Coutu / Philip Morgan]	1616				Alain Bélanger	Diane Coutu / Philip Morgan			
S.M.I. Technologies Inc. [Pascale Plante]	1617				Alain Bélanger CPA	Pascale Plante			
La Clinique d'Assurance-Groupe P.S.T. Inc. [Lynn Tremblay]	1618				Georges Tremblay	Lynn Tremblay			
Gestion Jujo Inc. [David Hervieux / José Astacio]	1619					David Hervieux / José Astacio			
Devolutions Inc. [José Astacio]	1619b					José Astacio			
La Cie Repentigny Électrique Inc. [Jean-François Durand]	1621				Michel Poulin	Jean-François Durand			
Gestion Proped Inc. [Louis Villeneuve]	1624				Michel Poulin	Louis Villeneuve			
Service Lubrico Inc. [Sylvain Désilets]	1626					Sylvain Désilets			
Groupe Aximiser Inc. [François Jetté]	1627				Jacques Morin	François Jetté			
Isolation Val-Mers Ltée [Lauri Demers]	1628				Gilles Turbides	Lauri Demers			
Prêts GCP Inc. [Guillaume Charron]	1629			31/12		Guillaume Charron			
Dubois-Tétu, Consultants Inc. [Martin Tétu]	1630				Chantal Émond	Martin Tétu			
9385-4347 Québec Inc. [Patrick Poulin]	1631				Marie-Claude qui fait du chalet locatif	Patrick Poulin			
Les Immeubles Lou Max Inc. [Groupe Champagne]	1632				Luc Vinet	Michel Champagne			
9335-2821 Québec Inc. [Louis Dominic Asselin]	1633				François Doré	Louis Dominic Asselin			
Les Foyers et Cheminées Piermon Inc. [Germain Roullier]	1634				Gilles Turbides	Germain Roullier			
LRV Notaires s.e.n.c.r.l [Marie-Claude Lavoie]	1635					Marie-Claude Lavoie			
Les Fondations Jono Inc. [Diane Bourgeault]	1636				Marie-Claude Lavoie	Diane Bourgeault			
9197-1523 Québec Inc. [Construction D.G.]	1637				Marie-Hélène Gravel	Dominique Gourd			
9064-3032 Québec Inc. [Jean-Pierre Labelle]	1638				Michel Poulin	Jean-Pierre Labelle			
9465-8325 Québec Inc. [Sébastien Chartrand]	1639				Marie-Claude Lavoie	Sébastien Chartrand			
3360661 Canada Inc. [Marc Gravel]	1640				Francis	Marc Gravel			
Élite Drift Shop Inc. [Sébastien Marchand]	1641				Pierre Paré/ Michael D’Souza	Sébastien Marchand			
Les Soudures Spécialisées André Beaulieu Inc. [André Beaulieu]	1642					André Beaulieu			
Ventilation Pierre Gamache Inc. [Pierre Gamache]	1643				Serge Michaud et Alex Boyer	Pierre Gamache			
Daniel Morin, Notaire	1644				Martin Provencher	Daniel Morin			
Lapalme Gestion Conception Mécanique Inc. [Éric Lapalme]	1645					Éric Lapalme			
9195-7902 Québec Inc. [Excellent Pavage]	1646					Raymond Normandin			
9383-4851 Québec Inc. [Chrystian Barrière]	1647					Chrystian Barrière			
Frimasco Inc. [Mélanie Mataix]	1648				Alexandre Allard	Mélanie Mataix			
Benoit Bergeron CPA Inc. [Benoit Bergeron]	1649				Maurice Chiasson	Benoit Bergeron			
9474-1113 Québec Inc. [Vincent Gauthier-Locas]	1650				Alex Boyer	Vincent Gauthier-Locas			
9473-1015 Québec Inc. [Alexandre Martel]	1651					Alexandre Martel			
Allard Poirier CPA Inc. [Alexandre Allard]	1652					Alexandre Allard			
Jonathan Blouin-Massé, Courtier Immobilier Inc. [Jonathan Blouin Massé]	1653					Jonathan Blouin Massé			
Félix Laforest Inc. [Félix Laforest]	1654					Félix Laforest			
Assurances Delta Bravo Inc. [Daniel Brochu]	1655					Daniel Brochu			
Les Entreprises Janso Inc. [Michel Nadeau]	1659				Pierre Barbeau	Michel Nadeau			
9219-8993 Québec Inc. [Les Entreprises de Maçonnerie MAT] 	1660					Nadia Tomaro			
Alfred Gemme Inc. [François Gemme]	1661					François Gemme			
Les Gestions Movendo Inc. [Dominique Bouvrette]	1662				Carl Paquin	Dominique Bouvrette			
Multi-Plis Inc. [Chantal Veillette]	1663					Chantal Veillette			
Scierie West Brome Inc. [Francis Boulay]	1664					Francis Boulay			
Side-car Inc. [Paul Paré]	1665				Françopis Doré	Paul Paré			
Sablage au Jet Maestro-Jet Inc. [Luc Desjardins]	1666				Marie-Claude Lavoie	Luc Desjardins			
9352-7539 Québec Inc. [Guillaume Rivest / Francis Nolasco]	1667				Cynthia Ouellet	Guillaume Rivest / Francis Nolasco			
A.T.P. Logistique Inc. [Donald Trudel]	1668				Marc Bouchard et Dominique Bouvrette	Donald Trudel			
Ventilabec Inc. [Lora Stoycheva]	1669			31/03	Guillaume Rioux	Lora Stoycheva	MNP Laval		
Les Placements Yvon Goulet Inc. [Yvon Goulet]	1670				Pierre Barbeau	Yvon Goulet			
MLC Finance Inc. [Marc Lamy]	1671				Devolutions – Simon Roy	Marc Lamy			
Jakarto Cartographie 3D Inc. [Marc Lamy / Louis-Félix Laroche]	1672				Devolutions – Simon Roy	Marc Lamy / Louis-Félix Laroche			
Atelier Mécanique Pierre Mondou Inc. [Anne Charlebois]	1673				Maurice Chiasson	Anne Charlebois			
Groupe SMP Inc. [Stéphane Giroux]	1674				l’associé de Léo-Paul Senécal	Stéphane Giroux			
Les entreprises Lanthier et Papineau Inc. [Alain Lanthier]	1675					Alain Lanthier			
CGLE Comptabilité Inc. [Claudette Gingras]	1676					Claudette Gingras			
Golf des Moulins Inc. [Lyne Debien]	1677					Lyne Debien			
XAV Solution Inc.	1678				Marie-Claude Lavoie				
10164917 Canada Inc. [Connexion Soudure Mobile]	1679				Mikael Reney	Étienne Sauvage			
9396-5622 Québec Inc. [Martin Beaulieu]	1680				Yves Beauchamp	Martin Beaulieu			
Nathalie Allard [anciennement 2842-4604 Québec Inc.]	1681					Nathalie Allard			
Solutions CHL Inc. [Christophe Lizé]	1683				Mathilde	Christophe Lizé			
9285-1575 Quebec Inc. [SKC Habitation]	1684				Patrick de Accès Habitations	Sylvain Vallières			
Calfeutrage Prospect Inc. [Luc Boisvert]	1685				Martin Fortier le planificateur financier	Luc Boisvert			
Yves Cousineau [anciennement Clinique d'optométrie Ste-Thérèse]	1686				Clinique d’Opto Lachenaie	Yves Cousineau			
Société Immobilière PSP Inc. [Pierre Lavigne]	1687				Marie-Claude Lavoie	Pierre Lavigne			
Garderie Journées Magiques Inc. [Sana Najmi]	1688					Sana Najmi			
9049-3990 Québec Inc. [Mr Muffler - MMécanique360]	1689				Alain Bélanger	Martin Désilets / Alain Bécotte			
Jansen Industrie Inc. [Jean-Paul Jansen]	1690				Caroline Béland	Jean-Paul Jansen			
Fusion Énergie Inc. [Daniel Sarrazin]	1691				Jacques Renaud	Daniel Sarrazin			
Auto Exceptionnelle Inc. [Aladin Pacha]	1692				Page jaunes	Aladin Pacha			
144359 Canada Inc. [Pierre Asselin]	1693				Michel Poulin	Pierre Asselin			
Ozone Coupe Beauté Inc. [Nadia Simard / Claudia Turcotte]	1694				Jaskiran - LRV Notaires	Nadia Simard / Claudia Turcotte			
Garage Denis Boisclair Inc. [Denis Boisclair]	1695				Pascal Garneau et Manon Malo de Desjardins	Denis Boisclair			
Photographie Benoit Blain Inc. [Kelly Cochelin]	1696				Resto Chez Fabien	Kelly Cochelin			
Industries Senova Inc. [Louis-Marie Legault]	1697					Louis-Marie Legault			
Nadeau Ultra Tech Inc. [Daniel Mercier]	1698					Daniel Mercier			
An-Au Construction Inc. [Patrick Michaud]	1699					Patrick Michaud		Dominique Maheu	
Sécurauto-Plus Inc. [Richard JR Loiseau]	1700			28/02	Alexandre Boyer – Ami de Pierre de Remorques Terrebonne	Richard JR Loiseau	Alexandre Boyer CPA		
Lacroix Audiovisuel Inc. [Marc Lacroix]	1701			30/06		Marc Lacroix			
La Petite Ourse Inc. [Agathe Martineau]	1702			30/06		Agathe Martineau	Dufour Charbonneau Brunet CPA	Novallier St-Bruno	
Charles Vincent et Fils Inc. [Gilles Vincent]	1703			31/12	Michel Poulin	Gilles Vincent	Belzille Tremblay CPA		
Divertissement Valérie Jalbert Inc.	1704					Valérie Jalbert			
9389-8179 Québec Inc. [Daniel O'Reilly]	1705			30/04		Daniel O'Reilly	Stéphan Dumas CPA	Marie-Claude Lavoie, notaire	
Live Immobilier Inc. [Alexandre Blanchard]	1706				Accès Habitation	Alexandre Blanchard			
Immo Chambert Inc. [Francis Chamberland]	1707			31/03		Francis Chamberland	Aslen Stratégies d'affaires		
Les Barrières Spectron Inc. [Guy Marcheterre]	1708			31/05	Maurice Chiasson	Guy Marcheterre	Maurice Chiasson CPA		
Concept P.O.S. Inc. [Mathieu St-Germain]	1709			30/11	Robert Guindon	Mathieu St-Germain	Cabinet Veilleux CPA		
TI Consultpro Inc. [Daniel Roux]	1710					Daniel Roux			
Gestion Huppe Ltée [Robert Huppé]	1712					Robert Huppé			
9821821 Canada Inc. [Richard Lavoie]	1713					Richard Lavoie			
Importation Timaby Inc. [Audrey Poulin]	1714					Audrey Poulin			
9504-8765 Québec Inc. [Sébastien Fortier]	1715					Sébastien Fortier			
Entreprises M.S.K. Inc. [Martin Perreault]	1716			30/09	Roxane Gagnon de BNC	Martin Perreault	Boucher Champagne Thiffault		
Nomaplex Inc. [Luc Lavigne]	1717			31/12	Marie-Claude Lavoie	Luc Lavigne	Billard CPA		
9415-9365 Québec Inc. [Meriem Amir]	1718				Claude Pellerin	Meriem Amir			
Marc Bouchard, CPA	1719				Comptable de Dominique Bouvrette	Marc Bouchard			
Yvon Nadeau [Sophie Vézina]	1720					Yvon Nadeau			
Les Systèmes Domotinc Inc. [Jean-Pier Talbot]	1721					Jean-Pier Talbot			
Toitures Benoit Dubois Inc.	1722				Marie-Hélène Gravel	Benoit Dubois			
Marketing SR Inc.	1723								
9430-8293 Québec Inc. [Lucdner Vincent]	1724			31/12	Jacques Morin	Lucdner Vincent	Tandem Comptabilité-Fiscalité		
2867-8837 Québec Inc. [Robert Fortin]	1725				Jacques Morin	Robert Fortin	France Morin CPA	Marie-Claude Lavoie, notaire	
Supra Scientifique Services Inc. [Yves Dumont]	1726			31/12	France Morin	Yves Dumont	France Morin CPA	Marie-Claude Lavoie	
Nadine Pelletier Inc.	1727					Nadine Pelletier			
9432-6261 Québec Inc. [Marie-Christine Gingras]	1728				Marie-Claude Lavoie	Marie-Christine Gingras			
Julie Kovacs Audioprothésiste Inc.	1729				Maurice Chiasson	Julie Kovacs			
Construction Chisolm et Fils Inc. [Bernard Chisolm]	1730					Bernard Chisolm			
Les Toitures C.B.C. Inc. [Francis Bélanger]	1731				Michel Bisson	Francis Bélanger			
Mathilde Flahaut CPA Inc.	1732					Mathilde Flahaut			
9174-8806 Québec Inc. [Summum V.R.]	1733				Marie-Claude Lavoie	Bernard Viau			
Succession Ronald Dufresne [Investissements Rodu Ltée]	1734				Michel Poulin	Martin Dufresne			
Emballages AT / Attache-tout Inc. [Robert Bouchard]	1736				Robert Bouchard	Jean-Robert Bouchard	Raymond Chabot		
Pro-Expert Coffrage Inc. [Steve Thibault]	1737			31/12		Steve Thibault	Bilodeau Patry CPA		
Assurancia Leduc, Decelles, Dubuc & Ass. Inc. [Lucie Decelles]	1738			31/12		Lucie Decelles	Leduc et Binette CPA		
Groupe Coalitech Inc. [Techvac Équipement]	1739			31/01	Michael D’Souza	Julien Michaud	Alain Paquette CPA		
Les Équipements Cofa Inc. [Olivier Bertrand]	1740			31/12	Michael D’Souza et Catherine Hanley	Olivier Bertrand	Sauvageau Hanley CPA		
4182901 Canada Inc. [Duarte Almeida]	1741			31/12		Duarte Almeida	Quevedo CPA		
9061-3688 Québec Inc. [Patrick Gareau]	1742			31/03	Maurice Chiasson	Patrick Gareau	Maurice Chiasson FCPA		
Charles E. Rajotte Inc. [Gilles Rajotte]	1743			31/12		Gilles Rajotte	Yanick Favreau CPA		
Centre Canin Laka Inc. [Nicolas Desflammes]	1744				courtier immobilier	Nicolas Desflammes			
9120-5971 Québec Inc. [Martin Riopel]	1745					Martin Riopel			
Les Constructions Sylvain Leduc Inc.	1746			31/12	Jacques Morin	Sylvain Leduc	Tandem Comptabilité-Fiscalité		
DLS CPA, S.E.N.C.R.L. [Francis Schanck]	1747					Francis Schanck			
Pompage de Beton Express Inc. [Pascal Thibault]	1748			30/06	Sylvain son partenaire d’affaires	Pascal Thibault	Tandem Comptabilité-Fiscalité		
Gestion Éric Lépine et Mélanie Lecavalier Inc. [Éric Lépine]	1749				Annie Lamoureux	Éric Lépine			
9152-9396 Québec Inc. [Automanie]	1750			30/06		Michel Larivée	Nathalie Cyrenne CPA	Julie Tranchemontagne, notaire	
Empire Pro Inc. [Carlos Luperdigas]	1751			31/12	François Lebrun	Carlos Luperdigas	Diane St-Onge		
Novotek Électrique Inc. [Simon St-Amand-Fortin]	1752			31/12	Jacques Morin	Simon St-Amand-Fortin			
Variétés B. Desmarais (1992) Inc. [Éric Martel]	1753			31/05	Pierre Barbeau	Éric Martel	Pierre Barbeau CPA		
9340-5819 Québec Inc. [Philipppe Delpouve]	1754					Philipppe Delpouve			
Excavation Marcel Clark Inc.	1755			31/07		Marcel Clark	Bourdon & Guay CPA		
9349-3039 Québec Inc. [Jonathan Gagné]	1756					Jonathan Gagné			
Messier & Associé, s.e.n.c.r.l. [Alain Bélanger]	1757				Gilles Séguin	Alain Bélanger			
Les entreprises V.N.J. Chariots élévateurs Inc. [Nicole Vallée]	1758			31/01	Pierre Barbeau	Nicole Vallée	G.Blais & Associés CPA		
France Morin CPA	1759					France Morin 			
9516-0966 Québec Inc. [Anthony Bergeron]	1760				Chantale Couture	Anthony Bergeron			
Pépinière Excel Inc. [François Racette]	1761			31/10		François Racette	DCA  CPA		
Novia Entreprises Inc. [Charles Boudreau]	1762				Comptable de XAV	Charles Boudreau			
Déneigement F.M. Inc. [Michael Beaupré]	1763			31/05	Ref de Marie-Claude Lavoie	Michael Beaupré	Maurice Chiasson FCPA		
NetChaos Inc. [Martin Gagnon]	1764					Martin Gagnon			
9385-3240 Québec Inc. [Summum irrigation] [Luc Rodrigue]	1765				Marie-Hélène Gravel	Luc Rodrigue			
Construction Marc Riopel Inc.	1766				Chantal Émond	Marc Riopel			
9514-1149 Québec Inc. [Bélanger Sauvé] [Alexandre Paris]	1767					Alexandre Paris			
Les Éditions Reynald Goulet Inc. [Reynald Goulet]	1768				Laurent Harvey	Reynald Goulet			
Yves Beauchamps, comptable	1769				Pierre Picard	Yves Beauchamps			
Totm Exposition Inc. [Brigitte Fortin]	1770			30/04	André Legault et Marie-Claude Lavoie	Brigitte Fortin	Services Fiscaux Legault		
L C Combustion Inc. [Christian Laroche]	1771			31/05	MH Gravel	Christian Laroche	Gravel & Associé CPA		
Isolation R.G.C. Inc. [Patrick Bélanger]	1772			31/05		Patrick Bélanger			
9401-7795 Québec Inc. [Martin Beauregard]	1773				Irrigation	Martin Beauregard			
3521958 Canada Inc. [Stéphane Desjardins]	1774				Dévolutions	Stéphane Desjardins			
9513-1926 Québec Inc. [Francis Desgagnés]	1775				François Tessier	Francis Desgagnés			
M. Roy & Associés Inc. [Mathieu Roy]	1776				Michael D'Souza	Mathieu Roy			
Dr Nadia Perreault Optométriste Inc.	1777					Nadia Perreault			
Annie Racicot CPA Inc.	1778					Annie Racicot			
9098-2885 Québec Inc. [Denis Bisson]	1779			30/09	Michel Bisson	Denis Bisson	Dumoulin CPA		
9112-9031 Québec Inc. [Guy Béland]	1780			28/02	France Morin	Guy Béland			
Courtage d'assurance Claude Hétu Inc.	1781					Claude Hétu			
Les Placements Jean-Luc Roy Inc.	1782			31/08	Richard Therrien CPA	Jean-Luc Roy	Richard Therrien CPA		
Assurancia Groupe Tardif Inc. [Jean-Pierre Tardif]	1783				François Hamel	Jean-Pierre Tardif			
Explorance Inc. [Marc Lamy]	1784				Devolutions – Simon Roy	Marc Lamy			
9172-2264 Québec Inc. [Technologies MFG]	1785			31/08	Jean Allan	Alain Normand	Chapman Associés CPA		
Les Entreprises Cloutier & Gagnon (1988) Ltée [Davis Raymond]	1786					Davis Raymond			
Entreprises Électriques Roberge et Lambert Inc. [Éric Roberge]	1787			30/09		Éric Roberge	Belzile Tremblay CPA		
Services Financiers Nathalie Lacharité Inc.	1788					Nathalie Lacharité			
Platrier Lavoie Inc. [Patric Lavoie]	1789					Patric Lavoie			
9192-1353 Québec Inc. [Simon-David Williams]	1790					Simon-David Williams			
Éric Berthiaume	1791								
Les Créations Simon Paré Inc.	1792			31/01	François Doré	Simon Paré			
9063-6580 Québec Inc. [Le Lunettier]	1793				France Morin	Sophie Meloche	France Morin	Marie-Claude Lavoie	
B&K Stratégies Financières Inc. [Christopher Knull]	1794				XAV	Christopher Knull	Alex Boyer		
Garage L. Hébert Inc. [Karine Ricard]	1795			30/09	Anne Charlebois	Karine Ricard	Marc Seymour		
Alexandre Bourret Courtier Immobilier Inc.	1796			31/12	Laurent Harvey	Alexandre Bourret	Laurent Harvey		
Silencieux de l'est Inc. [Martin Montpas]	1797			30/11	Anne Charlebois	Martin Montpas	Marc Seymour		
Mylène Lapierre CPA Inc.	1798				Maurice Chiasson	Mylène Lapierre			
Gestion Immobilière Rovida Inc. [Toma Victor]	1799			31/07		Toma Victor		Notaire Toupin à Repentigny	
Novologik Inc. [Patrick Sabourin]	1800				Marie-Claude Lavoie	Patrick Sabourin		Marie-Claude Lavoie	
Maçonnerie François Leclerc	1801				Chantal Émond	François Leclerc	Laurent Harvey	Chantal Émond	
Martin Lavoie (compagnie à être créée)	1802				Martin Thibeault référé par François Doré			Michael D'Souza	
Construction Nelson Inc. [Nelson Massicotte]	1803			30/09	Nicholas Boulard	Nelson Massicotte	Nicholas Boulard	François Lebrun	
9327-2193 Québec Inc. [Suzanne Harel]	1804	Suzanne Harel			Isabelle Lessard	Suzanne Harel	Isabelle Lessard		
Bernier & Crépeau (1988) Ltée [Louise Leclair]	1805			31/12	Yves Gosselin	Louise Leclair	MNP		
9259-5362 Québec Inc. (Parler Plus) [Rosalie G. Hogue]	1806	Nadine Pelletier CPA		31/12	Nadine Pelletier	Rosalie G. Hogue	Nadine Pelletier		
Immeubles Marklin C2 Inc. [Caroline Chaput]	1807			31/07	Maurice Chiasson	Caroline Chaput	Maurice Chiasson	Leblanc Notaires	
Ébénisterie DSL Inc. [Nadia]	1808			30/09	Isabelle Lessard	Nadia	Isabelle Lessard		
François-Pierre Laforest	1809			31/12	Érik Masse	François-Pierre Laforest			
Peinture Ex Aequo Inc. [Gabriel Léger]	2000			30/09	Michel Lafrance	Gabriel Léger	Michel Lafrance	Novallier	
Groupe Arc-En-Ciel (3087-3475 Québec Inc.) [Mme Lise Charbonneau]	2002			31/12	Michel Lafrance	Mme Lise Charbonneau	Michel Lafrance		
Agence Code Communications Inc. [Mme France Daniel]	2004			31/07	Michel Lafrance	Mme France Daniel	Michel Lafrance		
Office des Grands Crus Inc. [Mme Colette Gillet]	2006			31/12	Michel Lafrance	Mme Colette Gillet	Michel Lafrance	Novallier	
Electravolt Inc. [Philiippe Gauthier]	2008			31/12	Michel Lafrance	Philiippe Gauthier	Michel Lafrance		
Fiducie familiale Kobloth (2024) [Roxane Gauthier]	2010			31/12	Michel Lafrance	Roxane Gauthier	Michel Lafrance	Novallier 	
Fiducie Jean-Marc Prevost [Jean-Marc Prévost]	2012			31/12	Michel Lafrance	Jean-Marc Prévost	Michel Lafrance		
Fiducie familiale MR [Mme Louise Mongeau]	2014			31/12	Michel Lafrance	Mme Louise Mongeau	Michel Lafrance	Novallier	
Gestion Maurice Fluet Inc.	2016			31/12	Michel Lafrance	Maurice Fluet	Michel Lafrance	Novallier	
Constructions Gilles Garry Inc.	2018			31/08	Michel Lafrance	Gilles Garry	Michel Lafrance		
Gestion Corp-Exc Inc. [Donald Ross]	2020			31/12	Michel Lafrance	Donald Ross	Michel Lafrance		
Assurance Harvey Richard Inc. [Chantal Harvey]	2022			30/11	Michel Lafrance	Chantal Harvey	Michel Lafrance		
Gestion Chantal Harvey Inc.	2024			30/11	Michel Lafrance	Chantal Harvey	Michel Lafrance		
NE PAS UTILISER [Roxane Gauthier]	2026			31/08	Michel Lafrance	Roxane Gauthier	Michel Lafrance	Novallier	
Les Entreprises Rumsby Inc. [Louise Mongeau]	2028			31/05	Michel Lafrance	Louise Mongeau	Michel Lafrance	Novallier	
Larry Rumsby Maréchal-Ferrant Inc. [Louise Mongeau]	2030			31/05	Michel Lafrance	Louise Mongeau	Michel Lafrance	Novallier	
Morin, Elliott Associés Ltée [Mme France Morin]	2032			31/12	Michel Lafrance	Mme France Morin	One 80 US		
Portail plus International Inc. [Pierre Dastous]	2034			30/06	Michel Lafrance	Pierre Dastous	Michel Lafrance		
Association de services aux entreprises Proteck [Pierre Dastous]	2036			31/12	Michel Lafrance	Pierre Dastous	Michel Lafrance	Me Nancy Déziel	
9471-5117 Québec Inc. [Sébastien Beaudoin]	2038			30/09	Michel Lafrance	Sébastien Beaudoin	Michel Lafrance		
2960-4105 Québec Inc. [Mini Excavation MB]	2040			31/12	Michel Lafrance	Marc Beaurivage	Michel Lafrance		
Gestion Chantal Richard Inc.	2042			30/11	Michel Lafrance	Chantal Richard	Michel Lafrance		
Planification financiere Donald Ross Inc.	2044			30/09	Michel Lafrance	Donald Ross	Michel Lafrance		
Consultation Soqua Inc. [Claire Caron]	2046			31/10	Michel Lafrance	Claire Caron	Michel Lafrance		
4445970 Canada Inc. [Pierre Thibodeau]	2048			31/10	Michel Lafrance	Pierre Thibodeau	Michel Lafrance		
Gestion Jean-Marc Prevost Inc. [Jean-Marc Prévost]	2050			31/12	Michel Lafrance	Jean-Marc Prévost	Michel Lafrance		
Les Placements Paré Inc. [Pierre paré]	2052			31/07	Michel Lafrance	Pierre paré	Michel Lafrance	Novallier	
